IDCode,Section Sum,mjon1,mjon2,mjon3,mjon4,mjon5,mjon6,mjon7,mjon8,mjon9,mjon10,mjon11,mjon12,mjon13,mjon14,mjon15,mjon16,mjon17,mjon18,mjon19,mjon20,mjon21,mjon22,mjon23,mjon24,mjon25,mjon26,mjon27,mjon28,mjon29,mjon30,mjon31,mjon32,mjon33,mjon34,mjon35,mjon36
1211HaMaj,85,2,3,2,2,3,3,3,3,2,3,2,2,3,1,4,1,2,2,2,3,2,2,2,2,2,3,3,2,2,2,2,3,3,3,2,2
0106RaBer,111,2,4,4,3,4,3,5,4,3,2,3,3,3,3,2,3,4,2,3,3,3,3,3,3,3,3,3,3,3,4,3,3,3,2,3,3
0704JaFai,104,3,3,3,3,4,4,3,2,4,2,2,2,2,1,1,2,2,2,2,2,1,4,3,4,4,4,4,4,4,2,4,3,4,3,3,4
0424pahig,117,4,2,3,3,3,3,4,3,3,3,2,2,3,2,3,2,3,2,2,3,2,4,4,4,4,4,5,4,4,4,4,4,4,4,3,4
0905GiMac,91,2,2,3,3,3,2,3,2,2,2,1,3,4,1,1,1,2,1,3,2,1,3,3,3,3,4,3,3,3,2,3,3,4,4,3,3
0130DeArc,118,4,4,4,4,4,4,4,4,3,2,3,3,3,3,2,3,4,3,4,4,4,3,3,3,3,3,3,3,3,3,3,3,3,3,3,3
0708RiWel,96,1,1,1,1,1,1,1,1,1,1,1,1,1,1,1,1,1,1,1,1,1,5,5,5,5,5,5,5,5,5,5,5,5,5,5,5
0407FaFai,97,2,1,2,2,2,1,2,2,2,2,1,2,2,1,1,1,1,1,1,2,1,4,4,4,4,4,5,5,5,4,5,4,4,4,4,5
0808rukuw,83,1,1,1,1,1,1,1,1,1,2,1,1,2,1,1,1,1,1,1,2,1,3,4,4,4,4,4,3,4,3,5,4,4,5,4,4
0129nanew,108,2,3,4,2,3,2,3,3,1,2,1,1,2,2,1,3,3,3,2,3,2,4,4,4,4,4,4,5,5,3,4,4,4,2,5,4
0428AbDak,82,1,1,1,1,1,1,2,1,1,1,1,2,1,1,1,1,2,1,1,1,1,4,3,4,4,4,4,4,4,3,4,4,4,4,4,4
0823diran,91,1,1,1,2,2,1,1,3,1,4,3,2,1,1,2,2,1,1,1,1,1,4,4,4,4,4,4,3,4,3,5,3,4,4,4,4
0602SuMie,112,2,2,3,3,3,4,4,3,4,3,2,3,4,2,4,2,4,2,4,4,2,3,4,2,3,3,3,4,3,5,4,3,3,2,3,3
0502ShPal,79,2,1,1,2,2,1,2,1,2,1,1,3,2,1,1,1,2,2,1,2,1,3,3,3,4,3,3,4,3,3,3,3,3,3,4,2
1125AnVal,106,2,2,2,2,3,2,3,2,3,2,1,2,3,2,2,2,3,2,2,2,2,4,4,4,4,4,4,4,4,4,4,4,4,4,4,4
08182000KaRoc,100,3,2,2,2,2,1,4,2,4,2,2,2,4,1,1,2,2,1,2,2,1,4,3,4,4,4,4,3,4,3,4,4,4,4,2,5
0313rusil,90,1,1,1,2,3,1,4,3,1,2,1,2,3,1,1,1,1,1,1,2,1,4,4,3,4,4,3,3,4,3,4,4,4,4,4,4
0524SuFai,93,2,1,1,2,2,1,2,3,3,2,1,3,3,1,1,1,1,1,1,2,1,4,4,3,4,4,3,4,4,3,5,4,4,4,4,4
0808EsSou,99,3,3,2,2,3,3,4,2,4,3,4,3,4,2,2,2,2,4,2,3,1,2,2,3,3,3,3,3,3,3,3,3,2,2,3,3
0808cacas,82,1,1,1,1,1,1,1,1,1,1,1,1,2,1,1,1,2,1,1,1,1,4,3,4,4,5,3,5,4,4,5,5,4,1,4,4
1005DeSte,93,2,1,2,3,3,2,2,3,2,1,1,2,2,2,3,3,4,1,4,4,3,3,3,3,3,3,2,2,3,3,3,3,3,3,3,3
0127TrCen,89,2,1,2,1,3,1,1,1,1,1,1,1,1,1,1,1,1,1,1,1,1,4,3,5,5,5,3,4,4,4,5,5,5,4,4,4
0405shsea,114,4,4,4,4,5,4,4,5,4,3,4,2,3,3,4,3,4,3,4,4,3,2,3,2,3,2,2,3,3,1,3,3,3,2,2,2
0103AnChe,101,3,2,1,3,3,2,3,3,2,3,1,2,3,1,1,2,2,2,2,3,2,4,3,4,4,4,4,4,4,3,4,3,4,3,3,4
1208JuCor,91,1,1,2,2,2,2,3,2,1,1,1,1,3,1,1,3,4,1,2,3,3,3,3,4,3,4,2,4,4,3,4,3,3,3,4,4
0223CoSky,125,4,4,4,4,4,3,4,4,4,3,4,4,3,3,2,3,4,3,3,3,4,4,3,3,4,4,4,3,4,3,3,2,3,4,4,3
0215Irara,110,3,4,5,4,3,3,4,3,3,2,3,3,3,2,2,3,3,4,3,3,3,4,3,3,3,3,3,2,3,3,4,2,3,3,3,2
0621BeBou,116,3,5,4,3,2,5,5,5,2,4,3,2,4,2,2,3,3,2,2,3,2,3,3,4,4,4,4,3,3,4,3,2,3,3,4,3
0918dedev,85,1,1,2,1,1,1,1,2,3,2,1,2,3,1,1,1,1,1,1,1,1,4,4,4,5,4,2,3,3,3,5,4,4,4,4,3
1105mavis,108,3,2,3,4,4,3,3,4,2,3,3,2,3,3,3,3,3,3,3,4,3,3,3,3,3,3,3,4,3,3,2,2,3,3,3,3
1022lecol,99,4,2,3,4,4,3,4,1,1,3,1,2,2,1,1,1,4,3,1,3,1,4,3,4,4,4,2,2,4,3,4,3,3,3,3,4
0414MiRal,88,1,1,4,2,2,1,1,2,1,2,1,2,1,2,1,3,3,2,2,3,2,3,3,3,3,3,4,4,4,3,4,3,3,3,3,3
1117olwil,114,2,4,4,2,4,4,4,5,1,1,3,2,2,4,3,3,4,4,3,3,4,3,1,3,3,4,3,4,3,3,3,3,5,4,2,4
1203MiHol,104,3,2,4,4,4,2,3,4,3,2,1,4,2,3,3,2,3,2,3,3,3,3,3,3,3,3,3,3,3,3,3,2,4,2,3,3
04tocha,63,1,1,1,1,1,1,1,1,1,1,1,3,2,1,1,1,1,1,1,1,1,3,1,3,3,3,3,3,3,1,3,5,3,1,3,1
0521mileg,82,1,1,1,1,3,1,3,3,1,1,1,1,1,2,1,1,2,2,1,2,1,3,4,4,2,4,1,4,4,3,3,4,4,3,4,4
0604KaTor,97,4,3,2,4,4,1,3,4,4,2,1,2,3,2,2,2,3,3,3,3,3,3,3,2,3,2,2,3,3,2,3,2,3,2,3,3
0425kiDee,116,4,4,4,3,4,4,4,5,3,4,4,4,4,3,2,3,3,4,4,3,3,2,1,3,3,3,2,3,2,4,3,2,3,3,3,3
0425KaChe,104,3,3,3,3,4,3,4,2,3,3,1,3,3,2,3,2,3,2,3,3,2,3,3,3,4,3,3,3,3,3,3,3,3,3,3,3
1012ChThu,108,3,3,3,3,3,3,3,3,3,3,3,3,3,3,3,3,3,3,3,3,3,3,3,3,3,3,3,3,3,3,3,3,3,3,3,3
0630trKen,83,1,2,1,1,1,2,3,4,1,1,1,1,1,1,1,1,1,1,1,1,1,4,4,3,4,4,4,4,5,2,2,4,5,4,2,4
0312LaMia,102,2,2,2,2,2,2,2,2,2,2,2,2,2,2,2,2,2,2,2,2,2,4,4,4,4,4,4,4,4,4,4,4,4,4,4,4
1115sasai,112,4,3,3,3,4,4,4,4,4,3,3,3,4,3,3,3,3,3,4,3,2,3,3,3,3,3,3,3,3,3,2,2,3,3,2,3
0828FaGra,95,3,1,3,3,3,2,2,4,3,3,3,3,3,1,4,3,4,3,4,4,3,3,3,2,2,2,2,2,2,2,2,2,4,2,1,2
0617EmFai,76,1,1,1,1,1,1,1,2,1,1,1,1,1,1,1,1,2,1,1,2,1,4,4,4,4,4,4,4,4,3,4,4,1,1,4,3
0411RhEas,102,1,4,4,5,4,3,3,5,4,2,1,2,3,1,3,2,3,3,2,3,2,2,3,2,3,3,2,3,3,5,3,2,4,3,1,3
0401gistv,118,2,5,5,5,4,5,5,5,3,3,4,4,2,3,3,3,3,3,4,3,4,3,2,1,3,2,2,2,3,4,4,2,4,3,3,2
0725AmNot,112,3,4,5,3,5,5,5,3,3,2,2,2,2,1,3,4,3,1,2,3,2,4,3,3,4,4,4,3,3,3,4,3,3,2,3,3
[Decline to Answer],73,1,1,1,1,2,1,1,1,1,2,1,2,2,1,1,1,1,1,1,1,1,3,3,4,4,4,2,3,3,2,4,4,3,3,3,3
1030tioak,95,1,1,2,2,2,1,2,2,1,1,1,2,3,1,1,1,2,1,1,2,1,5,3,5,5,5,5,3,5,4,4,4,4,3,4,5
0804EiDis,93,1,1,1,1,3,1,2,3,2,2,1,3,3,1,1,1,2,1,1,1,1,4,5,4,4,4,3,3,4,3,5,4,4,4,5,4
0820KaDis,108,3,2,2,3,3,2,3,4,1,1,1,1,1,3,3,3,3,3,3,3,3,4,4,3,3,4,4,4,4,4,4,3,5,4,3,4
0503MeHow,109,4,4,4,4,4,3,4,4,2,2,3,3,3,2,5,3,4,3,3,4,3,2,3,2,2,3,3,3,3,2,3,2,3,2,2,3
0809DaSho,98,2,2,4,3,2,2,4,4,3,2,2,2,3,2,2,2,2,1,2,3,2,3,3,3,4,3,3,2,3,3,3,2,4,3,4,4
1130lydou,103,1,2,3,3,3,3,4,3,4,2,3,2,3,2,2,2,3,2,2,3,2,3,3,2,4,3,2,4,4,5,4,3,4,3,2,3
0112IlMou,117,2,3,3,3,4,3,4,4,4,3,3,4,4,2,3,4,4,3,3,3,3,3,4,4,3,3,3,3,3,2,4,2,4,4,2,4
0426LiNiw,97,2,1,2,2,3,1,3,1,2,3,2,1,3,3,2,2,2,1,2,3,2,4,4,3,4,3,4,4,4,4,4,4,4,3,2,3
08CiLcc,100,2,2,3,2,2,1,2,2,3,3,1,3,3,2,3,3,3,3,2,2,3,3,3,4,4,3,4,3,3,3,4,3,3,3,3,4
0807SuCat,121,3,2,4,3,5,4,5,3,1,2,1,1,2,1,1,2,3,1,2,2,2,5,4,5,5,5,4,5,4,5,5,5,5,5,4,5
0212BaBen,77,1,1,1,2,1,1,1,1,2,1,1,1,1,1,1,1,2,1,1,1,1,3,4,3,3,3,4,4,3,3,4,4,5,3,3,4
0501ShRal,90,2,1,3,2,2,1,2,2,2,3,1,2,3,2,2,1,2,3,1,2,1,4,4,4,4,3,4,4,3,3,3,3,4,2,2,3
0307jefai,92,2,2,1,1,2,3,4,2,1,1,1,2,2,1,1,1,2,1,1,2,1,4,4,3,4,4,4,4,4,4,4,3,4,4,4,4
0214mishr,87,1,2,3,3,2,1,3,1,1,1,2,1,1,1,1,1,1,1,1,1,1,4,4,4,4,4,3,4,4,4,3,4,4,3,4,4
1005MiWes,101,2,2,2,2,3,2,3,2,3,3,2,4,3,1,2,1,3,1,1,3,2,3,3,4,4,4,3,4,4,2,5,4,4,3,3,4
0427MECAZ,95,1,1,2,3,2,3,2,1,3,1,1,2,3,1,1,1,2,1,2,1,1,4,4,4,5,4,4,5,4,3,5,4,3,3,4,4
0921MeRam,101,2,1,3,3,4,1,3,3,2,1,1,2,2,1,2,2,2,2,1,3,2,4,4,4,5,4,4,5,3,2,4,4,4,4,3,4
0324weleg,72,1,1,1,1,2,1,1,1,1,1,1,2,1,1,1,1,1,1,1,1,1,3,3,3,4,2,3,3,3,3,4,4,4,3,3,4
1113SoNor,95,2,1,1,1,2,1,1,2,1,2,1,2,2,1,1,1,2,1,1,1,1,4,4,5,5,4,5,5,4,4,5,4,5,5,4,4
yruLookin9,81,1,1,1,2,2,1,1,2,3,2,1,1,3,1,1,2,3,1,1,2,1,3,3,1,4,4,3,1,4,2,5,3,4,3,4,4
1220SaCdm,52,,,3,2,2,,3,3,2,2,,2,3,1,2,,,,1,,,,,,4,4,4,,5,,5,,,4,,
[Decline to Answer],90,1,1,2,2,2,1,1,2,2,2,2,2,2,1,1,1,2,1,2,2,1,4,4,4,4,4,4,4,4,4,2,4,4,3,4,4
0221ChFai,98,2,3,4,2,2,1,3,4,2,1,1,2,3,4,5,4,4,4,5,4,4,2,2,2,2,3,3,3,3,2,1,2,3,2,3,1
0805JoBlu,89,1,1,1,1,2,1,2,2,1,1,1,2,2,1,1,1,2,1,1,1,1,4,4,4,4,4,4,4,4,4,5,5,4,4,4,4
1107JuBou,89,1,1,2,1,2,1,2,3,3,3,1,3,3,2,2,1,3,1,3,2,1,4,3,3,4,3,2,4,4,4,3,1,3,3,4,3
122890KeGr,99,2,2,2,2,2,1,2,2,2,2,1,2,2,1,1,1,2,2,1,1,1,5,4,5,4,4,5,5,5,4,4,4,4,4,4,4
0619RoRes,119,4,3,5,4,4,4,4,4,2,3,2,2,2,4,3,4,4,4,4,4,4,3,3,2,3,3,3,3,3,5,2,2,3,3,4,3
0809kafro,89,2,1,3,2,3,1,2,3,1,1,1,1,2,1,1,2,2,1,1,2,2,4,1,4,4,4,4,4,4,3,4,3,4,4,3,4
0924SuFai,87,2,1,1,2,2,1,2,3,2,1,1,1,3,1,2,1,1,1,1,2,1,3,4,2,4,3,3,4,3,4,4,4,4,4,4,5
1007evare,75,2,1,2,1,4,1,2,2,1,1,1,1,2,2,1,1,2,2,1,2,1,4,,,4,4,4,3,4,3,3,3,,3,3,4
1104ApBr,111,2,3,3,4,2,4,3,3,4,1,4,4,4,4,4,4,4,4,3,4,5,3,2,3,3,2,2,3,3,2,1,3,3,3,2,3
0705MiCas,100,2,1,2,2,2,1,2,2,2,2,2,2,3,2,1,2,2,2,2,3,2,4,4,4,4,4,4,4,5,3,3,4,4,4,4,4
1027kiweb,89,2,1,2,1,2,1,2,2,2,2,1,3,3,1,2,2,2,2,1,2,2,3,4,3,4,3,3,3,4,3,4,3,4,3,3,4
0216MaLov,94,3,1,2,3,3,1,3,3,2,1,1,2,3,2,1,2,1,1,1,2,2,4,4,4,4,4,4,4,3,2,4,4,4,3,3,3
0917CiDak,96,1,1,2,1,2,1,3,2,2,2,1,2,3,2,1,3,2,2,1,1,1,4,1,5,4,5,4,4,4,3,5,5,5,3,3,5
0511sawoo,97,2,2,2,3,3,2,4,3,2,2,2,2,4,2,1,1,2,3,,2,1,4,3,3,3,3,4,4,4,3,5,5,4,3,1,3
0117JeLog,76,1,1,1,2,3,1,2,1,1,1,1,1,3,1,2,1,3,2,1,1,1,3,3,3,4,3,3,3,3,2,3,3,3,3,3,3
0120MCha,99,4,5,5,4,5,5,5,5,1,1,1,2,2,5,4,5,5,5,5,5,5,1,1,1,1,1,1,1,1,1,1,1,1,1,1,1
0625LiMou,111,4,3,2,4,4,4,4,3,4,3,2,4,4,3,3,2,3,1,4,3,2,3,3,3,3,2,3,3,4,3,3,3,3,3,3,3
0516MoAn,109,3,3,3,3,4,3,4,3,2,2,2,2,3,2,3,2,2,2,3,3,2,4,3,4,4,4,3,4,4,2,3,3,4,3,4,4
0817KrAra,82,1,2,2,2,1,1,2,2,1,1,1,2,1,1,1,1,1,1,1,2,1,4,4,4,4,4,4,1,4,3,4,4,4,2,4,4
0711DeDes,88,1,1,1,1,2,1,1,1,2,1,1,2,2,1,1,1,1,1,1,1,1,5,3,4,5,4,3,4,4,4,5,4,4,5,4,5
[Decline to Answer],83,1,1,1,1,1,1,1,1,1,2,1,2,2,1,1,1,1,1,2,2,1,4,4,4,4,4,4,4,4,3,5,3,4,3,4,3
0823chapt,88,1,1,1,2,3,1,2,1,2,1,2,2,3,1,1,1,1,1,1,1,1,5,3,4,4,4,4,4,4,3,4,4,4,3,4,4
0618SyFai,113,4,4,4,3,5,5,4,5,5,3,5,3,3,4,4,4,4,4,4,3,5,2,2,2,2,2,2,1,3,1,2,1,2,2,3,1
1028CoGra,93,1,1,4,2,3,1,3,3,2,1,1,1,2,1,1,1,1,1,1,1,1,5,4,4,5,5,4,3,4,5,3,3,5,2,4,4
0418ELWIN,123,3,3,4,4,4,5,5,4,4,4,4,4,4,2,2,2,3,2,3,4,2,3,4,3,4,3,3,4,3,2,4,2,4,4,4,4
0918betre,99,2,2,2,3,3,3,2,4,2,2,1,3,3,2,2,2,3,4,2,3,2,3,3,3,3,4,3,3,3,2,3,3,4,3,3,4
0315TaBat,74,1,1,2,1,3,1,2,1,1,1,1,2,2,1,1,1,2,1,2,2,1,4,3,3,4,3,4,3,1,3,3,3,2,1,3,4
1129myove,89,2,1,2,1,2,1,2,1,2,1,1,1,1,1,1,2,1,1,1,1,1,3,4,4,4,5,5,5,4,3,5,4,4,4,3,5
1003vimar,134,5,4,5,4,5,5,5,4,4,3,4,4,4,3,3,2,4,3,3,3,4,4,3,4,4,4,4,4,3,3,4,2,3,4,4,3
0925tesum,122,4,3,4,4,3,2,4,4,5,4,5,4,5,4,2,3,4,4,4,4,2,4,3,2,3,3,2,3,3,4,2,3,4,3,2,3
0124sucen,82,1,1,1,1,1,1,2,1,1,2,2,2,3,1,1,1,2,1,1,1,1,4,4,4,4,3,3,3,4,3,4,3,4,4,4,3
0426KRDCH,88,1,2,3,3,3,3,4,1,2,2,2,2,2,1,1,2,2,1,1,2,1,3,1,3,4,3,4,5,5,5,5,1,1,4,2,1
0209ReDen,103,3,2,2,2,3,2,2,2,3,2,2,2,2,2,1,2,2,1,2,2,2,4,4,4,4,4,4,4,4,4,4,4,4,4,4,4
0520amsac,99,2,3,3,3,3,2,3,3,3,2,2,2,3,2,3,2,3,2,3,3,1,3,3,3,3,4,3,4,3,2,3,3,3,3,3,3
0709RiStv,82,1,1,1,1,1,1,2,2,1,1,3,1,1,1,1,1,1,1,1,1,1,4,4,4,5,3,4,4,3,3,4,4,3,3,4,5
[Decline to Answer],98,1,2,3,1,2,2,3,1,2,2,2,3,3,1,1,2,3,1,2,3,1,4,1,3,4,4,4,4,3,3,5,4,5,5,4,4
0603ShGra,93,1,3,1,2,3,2,2,2,1,1,2,3,2,1,1,1,2,1,1,1,1,4,4,4,5,4,4,4,4,3,3,5,4,3,4,4
0408BrRam,110,2,4,4,4,5,4,5,4,3,3,2,2,3,1,1,2,2,2,2,3,2,3,2,3,4,4,3,4,3,2,4,3,4,3,4,4
1124tenot,79,1,1,2,1,2,1,2,2,2,1,1,2,3,1,1,1,2,1,1,1,1,3,3,3,3,3,3,3,4,3,4,4,3,3,3,4
1299631,112,2,3,3,3,4,3,4,3,4,4,3,4,4,1,1,3,3,2,1,2,2,3,2,4,4,4,4,4,4,4,1,3,3,4,5,4
18krdareg,101,3,1,2,4,2,2,3,2,2,1,1,2,2,1,1,4,2,2,1,2,1,4,4,4,4,4,4,5,4,3,5,3,4,4,4,4
0103IrReg,95,2,3,3,2,4,3,4,3,1,2,1,2,3,1,3,2,3,2,3,3,2,3,3,3,3,3,2,3,4,3,3,2,3,3,2,3
1001GrMon,92,1,1,2,1,1,1,2,2,2,2,1,2,2,1,1,1,2,1,1,2,1,4,5,4,5,4,4,4,4,4,5,3,4,4,3,5
0514dapot,103,2,1,2,2,3,3,3,4,3,2,1,2,3,2,2,2,3,3,2,2,2,4,4,3,4,4,4,3,4,3,4,2,4,4,4,3
0718MeSou,115,3,2,3,4,3,3,3,4,5,3,4,3,4,2,1,3,3,3,3,3,3,4,2,4,4,4,4,4,3,4,1,3,4,3,3,3
0406kileg,109,2,4,4,2,5,4,4,3,4,3,1,4,4,2,3,2,3,2,3,3,2,3,3,3,3,3,3,4,4,2,3,2,3,3,3,3
2805NaPro,89,2,3,2,3,3,3,4,2,1,1,1,1,3,2,2,1,3,2,2,2,1,3,5,3,3,3,2,2,3,3,3,3,3,4,2,3
1012LuLeg,118,3,3,5,4,3,4,4,4,4,3,4,4,4,2,3,3,4,4,3,3,3,2,4,3,2,4,3,4,4,2,2,3,2,3,3,3
1021TaSan,95,2,1,1,3,3,1,2,2,2,2,3,3,2,1,3,1,2,2,1,2,2,3,2,4,5,4,3,5,4,4,4,4,4,3,2,3
0413IrJoh,101,2,1,2,3,3,2,3,2,3,2,2,2,3,2,2,2,2,2,2,3,2,4,3,4,4,4,4,3,4,3,4,4,3,3,3,4
1121romou,95,3,2,2,2,3,1,3,2,3,2,2,3,3,2,1,2,3,2,1,2,2,4,4,3,4,3,4,3,4,2,3,3,3,3,3,3
1123LeLon,88,1,1,2,2,2,1,1,2,1,1,1,2,2,1,1,1,1,1,1,1,1,4,4,4,4,4,4,4,4,4,4,4,4,4,5,4
[Decline to Answer],106,2,1,3,3,4,2,2,3,2,3,2,4,3,2,2,1,3,2,4,3,1,3,3,4,4,4,4,3,3,3,4,4,4,4,4,3
0224MaFai,98,2,2,2,2,4,1,3,3,2,2,1,2,3,2,1,2,3,2,3,3,1,3,4,3,4,3,4,4,3,3,3,4,3,3,4,4
0202AmWin,99,2,1,3,2,3,1,3,2,1,1,1,1,2,1,1,1,3,3,1,3,2,5,4,4,5,4,4,4,4,3,4,4,5,3,3,5
0220GIHER,88,1,1,1,1,2,1,2,2,2,1,1,2,2,1,1,1,2,1,1,2,1,4,4,4,4,4,4,4,4,4,4,4,4,4,3,4
[Decline to Answer],89,1,1,2,1,1,3,3,2,1,1,1,1,2,1,1,1,2,1,1,1,1,4,4,4,4,4,4,5,4,4,4,3,4,4,4,4
0222jubblo,90,1,1,2,1,3,3,1,2,1,1,1,1,2,1,1,1,1,1,1,2,1,4,4,4,5,4,4,4,4,3,5,4,4,4,4,4
1229JuLas,86,2,1,1,1,2,1,2,1,1,2,1,1,2,1,1,1,1,1,1,1,1,4,4,4,4,4,4,4,4,4,4,4,4,4,4,4
0710AmMou,100,2,2,2,2,2,2,2,2,2,2,1,2,2,2,2,2,2,2,2,2,1,4,4,4,4,4,4,4,4,4,4,4,4,4,4,4
1012LuUni,100,4,2,5,3,4,4,4,4,5,2,2,3,3,3,3,5,4,2,4,4,3,2,2,2,1,2,2,2,2,2,1,1,2,3,1,2
0920MaFra,110,3,4,4,4,3,5,4,3,4,3,4,3,4,4,3,4,3,4,4,3,4,3,2,,3,3,2,3,2,2,2,2,2,3,1,3
0811BrRoc,107,4,5,5,5,5,5,5,5,5,2,2,2,3,5,3,4,5,1,5,5,5,1,1,1,1,1,1,2,1,3,1,1,3,1,2,1
0520MoCas,110,3,4,4,2,3,4,4,4,3,3,3,3,3,2,4,3,3,3,3,3,3,3,3,3,3,3,3,3,3,3,3,2,3,3,2,3
0620DiReg,96,3,2,2,3,3,2,3,3,1,1,1,1,1,2,2,1,2,2,2,3,1,3,4,3,4,4,3,4,4,5,4,4,4,3,3,3
0315JeAse,94,2,3,3,3,3,3,4,4,3,3,2,3,3,2,2,2,3,2,2,3,3,3,2,3,4,3,3,1,3,3,3,3,,2,1,2
0406MiFai,86,1,1,1,1,2,1,1,1,1,1,1,1,2,1,1,1,1,1,1,1,1,4,3,5,4,4,4,4,5,5,5,4,4,4,4,4
0316ViOak,94,1,1,1,3,2,1,2,3,1,2,1,2,2,1,1,1,3,1,2,3,1,4,4,3,4,4,4,4,5,4,4,3,5,4,3,4
0227junor,109,2,3,2,4,4,3,5,4,3,3,3,4,3,3,3,2,2,1,3,3,1,4,4,2,4,3,2,4,3,4,2,2,3,4,3,4
0308TiLeg,107,2,2,4,2,3,4,4,4,3,2,2,3,3,2,2,3,3,3,2,2,2,4,3,3,4,4,3,3,3,4,3,3,3,2,4,4
0918TrBet,100,3,1,2,2,3,1,3,1,1,1,1,2,2,1,1,4,2,1,1,2,1,4,4,4,5,4,3,4,5,3,5,5,5,4,4,5
22katox,83,2,2,2,2,4,,4,4,3,,2,2,4,,3,2,4,1,3,3,2,2,2,3,3,3,2,2,3,2,3,,3,3,3,
0104AmFri,101,1,1,1,1,3,1,3,1,1,1,1,2,2,1,5,1,2,1,1,1,1,5,4,4,5,4,5,5,5,4,5,5,4,4,5,5
0830ShNor,104,4,4,4,2,4,4,4,3,2,2,1,3,2,3,3,2,3,1,3,3,3,3,3,3,3,3,3,3,3,3,3,3,3,2,3,3
0711olsan,79,1,1,3,2,2,3,2,1,4,2,1,2,2,2,2,3,3,3,2,3,2,1,1,1,2,1,3,2,2,5,2,3,5,2,2,1
0620stmon,84,1,1,2,1,4,1,2,1,2,2,1,2,2,1,1,1,2,1,1,1,1,4,3,4,4,4,4,4,3,4,3,3,3,3,3,4
0923MaYok,94,2,1,1,2,3,1,2,2,1,2,2,2,3,1,1,1,2,1,1,1,1,4,4,4,4,4,4,5,4,3,4,4,4,5,4,4
0708JuAra,96,2,1,2,3,2,1,2,2,3,2,1,1,1,1,2,1,2,2,1,2,2,4,4,4,4,4,4,4,4,4,4,3,5,4,3,5
[Decline to Answer],92,1,1,1,1,2,1,2,3,3,2,1,2,1,1,1,1,2,3,2,3,1,4,3,4,4,4,4,3,4,4,3,4,5,2,5,4
0817JeLov,114,3,2,3,2,4,2,4,2,2,2,2,3,3,2,4,2,4,3,3,3,2,4,4,4,4,4,4,4,4,2,3,4,4,4,4,4
0313krmou,101,3,2,3,3,3,2,4,4,4,3,2,3,4,2,3,3,3,2,3,3,2,3,2,2,3,3,2,3,3,3,2,3,3,2,3,3
1206defor,97,1,3,3,1,2,1,3,2,2,3,2,2,3,1,2,1,1,1,1,3,1,4,4,3,4,4,3,4,4,3,5,4,4,4,4,4
1226ArFai,92,2,1,3,3,1,1,2,1,2,1,1,1,3,1,1,1,3,1,1,2,2,4,4,4,4,4,4,4,4,3,4,4,4,3,3,5
0704SaLeg,110,3,3,3,3,3,3,4,4,2,4,1,2,3,2,2,2,4,3,1,3,1,4,2,4,4,4,4,4,4,4,4,2,4,4,2,4
0910shmou,96,1,1,1,1,1,1,1,1,1,1,1,1,1,1,1,1,1,1,1,1,1,5,5,5,5,5,5,5,5,5,5,5,5,5,5,5
1221arSka,80,1,3,1,2,2,1,4,1,1,2,1,2,2,1,1,2,1,1,1,2,1,4,3,4,4,3,3,3,3,3,4,3,3,3,1,3
1204shpue,101,1,1,2,2,3,2,3,3,2,3,2,3,3,1,1,1,3,2,3,2,3,3,4,4,4,4,3,4,4,4,3,3,4,4,3,4
0705AnGle,93,2,1,1,1,3,1,2,2,1,1,1,2,2,1,1,1,2,2,1,2,1,4,3,4,4,5,4,4,4,4,5,4,5,4,4,4
1006TeMou,92,2,1,2,2,2,1,1,1,1,1,1,1,1,1,1,1,2,1,1,1,1,5,4,5,5,5,5,4,3,3,4,5,5,4,4,5
0816Kamon,95,2,2,2,2,4,3,4,3,1,2,1,2,2,1,1,1,2,1,2,3,1,4,3,3,4,4,3,4,4,4,3,3,4,4,3,3
0113LiNor,96,2,2,4,3,4,3,4,5,3,3,2,3,3,2,4,3,3,2,4,3,3,2,3,2,3,2,2,2,3,2,2,1,2,2,1,2
0696MaSil,82,2,1,1,1,3,1,2,2,1,1,1,1,1,1,1,1,1,1,1,1,1,4,2,3,4,4,4,4,4,3,5,3,4,4,4,4
0229LsTWS,112,4,4,4,4,4,4,5,3,5,1,1,1,3,1,1,1,1,1,1,1,1,3,5,1,5,5,2,5,5,1,5,4,5,5,5,5
0901MeLit,110,3,3,5,4,4,3,4,4,2,2,3,3,3,1,1,2,2,1,1,1,1,4,4,4,4,4,4,4,4,3,4,3,4,4,3,4
0404LaSan,122,4,3,5,4,3,4,4,4,5,4,4,4,3,2,3,3,4,2,4,4,3,3,3,3,3,3,3,4,3,4,3,3,3,3,2,3
0220SaDeT,101,3,3,3,3,4,1,4,3,1,1,1,1,3,1,1,1,2,2,1,2,1,4,4,4,4,3,4,4,4,5,5,3,4,4,3,4
1121chsts,83,1,1,3,2,2,1,1,2,3,2,1,3,3,3,3,2,4,2,4,4,3,3,3,1,3,3,2,2,2,1,2,3,1,1,3,3
0709ChGis,90,2,2,1,2,3,1,2,2,1,2,1,2,2,1,3,2,1,1,1,2,2,4,4,3,4,4,4,4,3,3,4,4,3,3,3,4
[Decline to Answer],94,2,1,3,2,2,1,3,3,1,2,2,3,3,1,1,1,2,1,1,2,1,4,4,4,4,4,3,3,3,4,4,4,4,3,4,4
0903CaSan,103,2,2,2,2,2,1,3,2,2,2,1,2,3,1,1,1,3,1,2,1,1,4,4,4,4,4,5,5,4,5,5,4,5,4,5,4
0922ChGeo,83,1,1,2,3,2,1,2,3,1,2,1,1,2,1,1,1,2,1,1,2,1,4,3,3,4,3,3,4,4,3,3,3,4,3,3,4
0912MaBro,85,2,2,1,3,4,1,2,2,1,2,1,2,2,1,1,1,1,1,1,1,1,4,3,3,4,4,3,3,3,3,3,4,4,3,4,4
0124anwev,104,2,3,2,2,2,2,2,1,1,1,1,1,1,1,1,1,1,1,1,1,1,5,5,5,5,5,5,5,5,5,5,5,5,5,5,5
1008BeEas,86,1,1,1,2,1,1,1,2,2,2,1,2,2,1,2,1,1,1,1,1,1,3,4,3,4,3,4,5,4,4,5,4,4,3,4,4
0308StCon,116,4,4,4,4,4,3,4,4,4,4,4,4,4,4,2,4,4,4,4,4,4,3,2,2,3,3,2,2,3,2,2,2,2,2,2,3
0205erbish,95,2,1,1,2,2,1,3,2,4,2,1,2,3,1,1,2,1,1,2,2,1,4,3,4,4,4,4,3,4,5,4,3,5,5,3,3
0908cacas,91,1,2,3,3,3,2,3,2,2,2,1,2,2,2,1,1,2,2,1,2,1,3,4,3,4,3,3,4,3,3,4,3,4,4,3,3
0303elsan,101,3,3,4,3,2,2,3,3,3,1,2,2,3,2,2,2,2,2,1,2,1,3,3,4,4,4,3,3,3,4,4,3,4,4,3,4
0810KaSte,92,1,1,1,1,2,1,3,5,2,3,2,2,1,1,4,3,2,1,2,2,2,4,4,4,4,4,4,5,3,2,4,1,4,4,2,1
1112kavis,115,4,5,5,5,5,5,5,4,3,3,3,3,3,2,3,3,3,3,4,4,4,2,3,2,3,2,2,3,3,2,3,2,2,3,2,2
0531saLak,102,4,3,3,4,4,4,3,3,3,2,3,4,2,3,2,2,2,2,1,2,2,3,3,2,3,3,3,4,3,3,3,3,3,2,4,2
0107TrCed,85,1,1,1,2,2,1,3,2,1,1,1,1,2,1,1,1,2,1,1,1,1,4,3,4,4,4,4,3,3,4,4,4,4,3,4,5
0213JeDee,100,3,1,1,4,5,3,4,4,5,3,,3,4,1,3,2,4,3,,4,3,2,3,3,3,3,2,4,3,1,3,3,3,3,1,3
0720MeHig,111,3,3,4,2,3,4,4,2,2,1,1,2,2,4,5,4,3,5,4,4,5,1,4,2,3,3,3,3,4,4,3,2,4,3,2,3
0604MeMou,106,3,3,3,3,3,2,4,3,4,3,2,3,4,2,2,2,3,2,2,3,2,3,3,3,4,4,3,3,3,2,4,3,3,3,3,4
1107LiCre,86,1,2,2,2,2,,3,3,2,2,2,2,2,1,1,1,2,2,2,2,2,3,3,3,4,4,3,3,3,3,3,2,4,3,3,4
0313LaMon,90,2,1,2,2,2,1,3,2,1,1,1,1,2,1,1,1,2,1,2,3,1,4,3,3,5,4,3,3,4,3,5,4,4,4,3,5
0621NoRal,104,2,2,2,3,2,3,2,3,4,2,2,3,3,3,1,2,3,4,2,3,2,4,4,4,3,3,3,2,4,3,2,4,3,3,5,4
05monil,85,1,1,1,2,2,1,1,1,1,2,1,1,2,1,1,1,1,1,1,1,1,4,4,4,4,4,4,4,4,4,4,4,4,4,4,4
1120maste,95,3,3,2,2,3,1,3,3,2,1,1,2,2,1,1,1,2,1,1,1,1,4,4,3,4,4,3,5,3,4,4,4,4,4,4,4
1019Jocan,106,3,1,2,3,3,1,3,4,2,2,1,1,3,1,1,2,2,1,1,3,1,4,4,4,5,5,4,4,4,4,4,4,5,4,5,5
0713CaSan,90,2,3,3,2,2,2,3,3,2,1,1,2,2,1,1,1,2,2,1,1,1,4,,4,4,4,4,3,4,3,5,3,4,3,4,3
[Decline to Answer],80,1,3,1,1,2,1,1,1,1,1,1,2,2,1,1,1,1,1,1,1,1,4,2,4,4,4,4,4,3,3,3,4,4,3,4,4
1009limag,125,3,4,5,4,4,5,4,5,4,4,4,4,5,2,3,3,4,3,4,4,3,3,3,2,3,3,3,3,3,4,3,2,3,3,3,3
0306tagui,93,2,2,2,3,4,2,3,2,2,3,2,3,3,2,2,2,2,2,2,2,2,3,3,2,4,3,2,4,2,2,4,3,3,3,3,3
[Decline to Answer],113,4,5,4,4,5,,5,4,5,3,4,3,4,4,4,4,4,4,4,4,4,2,4,1,3,3,2,4,2,3,,2,2,1,1,1
0416brale,110,4,4,3,2,4,3,4,4,4,2,3,2,3,2,3,2,3,2,3,3,2,3,3,2,4,3,3,5,4,3,3,2,4,3,3,3
0801KaLhs,83,1,1,2,1,1,1,1,1,2,1,1,2,2,1,1,1,2,1,1,2,1,4,4,3,4,4,4,4,4,3,4,4,3,4,4,3
0207BoGra,97,1,3,2,4,4,2,4,3,2,2,1,1,2,1,1,1,2,1,2,2,1,3,4,4,4,4,3,2,4,3,5,4,4,2,4,5
0803kacas,94,1,3,4,3,3,4,4,4,4,4,1,2,4,3,1,2,3,4,3,3,1,3,2,2,4,3,2,1,2,1,1,3,2,1,2,4
1220aplak,95,2,1,1,3,2,1,3,3,4,3,2,3,4,3,2,1,3,3,1,3,1,3,2,4,4,4,2,3,3,3,3,2,4,2,3,4
0818kagws,109,2,3,2,2,3,4,4,3,3,2,2,3,3,2,2,2,2,3,3,3,2,4,3,4,4,4,4,4,4,3,2,3,4,3,4,4
0828abpal,84,1,1,2,1,1,1,2,2,2,2,1,2,3,1,1,1,3,1,1,1,1,4,3,3,4,3,3,4,4,3,4,4,4,3,3,4
02katra,96,1,1,1,1,1,1,1,1,2,1,1,1,2,1,1,1,1,1,1,1,1,5,5,5,5,5,5,5,5,5,5,5,5,5,3,5
0906AnLon,119,2,3,2,4,3,1,2,5,4,3,5,4,4,2,4,4,3,1,4,4,4,4,3,3,4,3,3,3,4,3,5,4,2,4,3,3
[Decline to Answer],116,3,3,3,3,3,3,3,3,2,3,4,2,3,2,2,2,3,2,3,3,2,3,4,4,4,4,4,4,4,4,4,4,4,4,4,4
0218DaTaf,86,2,1,1,1,2,1,2,1,2,1,2,2,2,1,1,2,2,2,1,2,1,3,3,4,4,4,3,4,4,3,4,4,4,3,4,3
0208MiCla,108,4,4,4,3,5,3,3,3,3,2,3,3,2,4,4,4,4,3,4,4,3,2,3,2,2,3,2,2,3,4,1,2,2,2,3,3
0107NaAUS,99,1,1,2,1,4,1,4,2,4,2,3,3,5,1,1,1,2,2,1,4,1,3,3,3,4,2,3,5,4,4,4,2,4,4,4,4
0221SaAbd,88,3,2,2,3,3,1,2,2,1,1,1,2,2,1,2,1,1,1,1,1,1,3,4,4,4,4,3,4,3,2,4,4,5,1,4,5
0307CaSeh,88,1,1,2,2,2,1,3,3,2,2,1,2,3,1,1,2,3,1,1,3,1,3,3,3,3,3,3,4,4,3,4,3,3,4,4,3
0318lenor,107,3,1,4,3,4,1,3,4,1,3,1,3,3,2,1,2,3,2,2,3,1,4,4,4,4,4,4,4,4,3,3,3,4,4,4,4
0901JiBlu,90,1,1,4,2,1,1,1,3,3,3,3,3,3,2,2,3,4,4,1,4,2,3,3,3,3,3,3,3,3,1,3,2,3,2,1,3
0202BaAla,120,2,3,5,4,5,2,5,5,1,2,2,2,1,1,1,1,4,1,2,2,1,3,5,5,4,4,5,5,5,5,5,4,5,5,5,3
0119NoLaC,118,4,4,4,4,4,4,4,4,2,2,4,3,4,2,4,4,4,4,4,4,4,2,3,2,2,2,3,3,3,2,4,2,3,3,4,3
0823BeHer,106,2,2,2,3,3,3,5,3,4,3,2,3,3,2,3,3,4,2,4,3,3,3,3,3,3,3,3,4,3,3,2,3,3,3,2,3
0803PeWie,91,3,1,4,4,2,1,3,3,1,2,1,1,2,1,3,4,4,1,1,4,3,2,3,1,3,2,3,3,3,4,5,2,5,3,2,1
0929krdou,92,1,2,1,2,3,1,3,4,3,2,1,1,3,1,1,1,2,1,1,2,1,4,4,3,4,3,3,4,4,3,4,4,5,4,2,4
0503AnBro,91,2,2,2,2,2,2,3,3,2,1,1,1,2,1,1,1,1,1,1,1,1,3,4,4,4,4,4,4,4,3,4,3,5,4,4,4
[Decline to Answer],103,2,1,3,2,2,3,2,2,3,2,3,2,3,3,2,3,1,1,3,3,3,3,4,3,5,3,5,5,3,3,5,3,3,3,3,3
[Decline to Answer],91,1,2,1,1,2,1,2,1,2,2,1,2,3,1,2,1,1,1,1,2,1,4,4,1,5,4,4,4,4,3,5,4,5,4,5,4
0809KrMcn,84,1,1,1,1,1,1,2,2,2,1,1,1,1,1,1,1,2,1,1,3,2,3,4,3,4,3,4,5,5,5,4,4,3,4,3,2
0215PaEas,86,1,1,1,1,1,1,1,2,1,1,1,2,1,1,1,1,1,1,1,1,1,4,3,4,5,4,4,5,4,4,5,5,4,4,4,4
1216NaEvg,100,2,1,3,1,3,1,3,1,1,2,1,2,3,1,5,1,2,2,1,2,5,3,3,3,4,3,3,5,4,3,5,4,5,3,4,5
0721CaHar,90,1,1,1,2,3,1,4,2,2,1,1,1,2,1,1,1,1,1,1,1,1,4,4,3,4,4,3,5,5,4,5,3,5,4,3,4
0419LaHig,87,1,2,2,1,1,1,2,1,2,1,1,1,2,1,1,1,1,1,1,1,1,4,4,4,4,4,4,4,4,4,4,4,4,4,5,4
1109DoLac,123,2,5,5,4,4,4,4,3,4,3,2,4,5,5,5,4,4,4,4,4,4,3,3,2,3,2,2,3,3,4,2,3,3,3,1,3
1228LiMon,100,2,2,3,2,3,2,3,2,3,2,2,2,3,2,2,2,2,1,2,2,2,3,4,3,4,4,4,4,4,3,4,3,3,3,4,4
0601keken,87,1,1,1,2,1,2,2,2,1,1,1,2,2,1,1,1,1,1,1,1,1,4,4,4,4,4,4,4,4,3,5,4,5,3,4,4
1201kearm,109,3,4,4,4,4,4,3,4,4,3,3,3,3,3,3,3,3,3,3,3,3,2,2,3,2,2,2,3,3,3,3,3,4,3,2,2
0524JeNew,98,2,2,2,2,2,2,2,2,2,2,2,2,2,1,1,2,2,1,1,2,1,4,4,4,5,4,4,4,4,4,4,4,4,4,4,4
[Decline to Answer],86,2,1,1,1,1,1,1,1,1,2,1,2,2,1,1,1,2,1,1,1,1,4,3,5,4,4,4,4,4,4,5,4,5,1,5,4
0425SuNor,90,2,1,1,2,3,3,3,3,1,1,2,2,3,2,1,1,2,1,1,3,1,4,4,4,4,4,3,2,3,2,3,3,3,3,5,4
1127BeFai,88,1,1,1,1,2,1,2,2,2,2,2,2,2,1,1,1,2,1,1,1,1,4,4,4,4,5,3,3,4,3,4,4,4,4,4,4
Dep-LRY-4zb-nF6,91,2,1,1,2,2,1,1,2,2,2,1,2,2,1,1,2,2,1,1,1,1,3,4,4,5,4,4,4,4,3,5,4,4,4,4,4
[Decline to Answer],98,2,3,3,2,4,2,4,2,3,3,1,2,3,1,1,1,2,3,1,1,1,3,4,3,4,4,4,4,4,3,3,2,5,3,3,4
[Decline to Answer],81,1,2,2,3,2,1,3,1,4,1,1,1,2,1,1,1,3,2,3,3,1,1,3,3,3,3,3,3,4,3,2,1,3,4,4,2
0724AlBro,84,1,1,1,1,2,1,1,1,1,1,1,1,1,1,1,1,1,1,1,1,1,5,3,4,5,4,4,3,4,3,5,5,4,5,3,5
1201AmFai,109,4,4,5,4,4,5,4,5,4,3,3,4,4,3,5,3,4,3,4,3,3,2,2,1,3,1,1,2,3,2,3,1,3,2,1,1
0805erbat,75,1,1,1,1,1,1,1,1,1,1,1,1,1,1,1,1,2,1,1,1,1,4,4,4,4,4,4,3,4,3,1,3,4,3,4,4
0210JeFus,108,1,3,3,4,4,4,4,3,5,3,3,2,4,1,3,2,3,1,2,2,1,2,3,3,3,2,3,3,4,3,5,2,5,4,4,4
0828DiNiw,100,1,1,2,2,3,2,2,1,3,2,2,2,3,2,1,4,2,2,1,2,1,4,4,4,4,4,4,3,4,4,4,4,4,4,4,4
0416deeas,111,3,4,5,4,4,4,5,5,3,1,1,2,3,2,1,2,2,1,3,2,2,4,4,3,4,3,4,4,4,4,2,2,4,3,4,3
0207StWas,91,1,1,1,1,2,1,2,2,1,3,1,3,3,1,1,4,1,1,1,1,1,4,4,4,5,4,4,4,4,4,5,4,1,4,3,4
1118CaDoCat,98,2,2,2,2,3,1,3,2,4,3,2,2,3,2,1,2,2,2,2,3,2,3,3,3,4,4,4,4,4,3,3,3,4,3,3,3
0320ivran,99,3,1,3,3,2,1,3,2,3,2,1,1,3,1,1,1,2,1,2,2,1,4,4,4,4,4,4,4,4,5,3,4,4,4,4,4
0430cabla,93,1,1,1,2,2,1,2,2,3,3,3,3,4,3,3,4,4,3,4,3,3,3,2,2,3,2,3,2,3,2,3,3,3,2,3,2
0516BrRal,99,1,2,1,2,2,1,3,2,4,3,3,2,3,2,2,2,2,2,2,2,2,3,4,3,4,3,4,3,4,3,4,3,4,4,4,4
0125keFos,108,3,2,3,3,4,2,4,2,3,3,4,3,4,2,2,1,4,2,3,3,1,3,3,4,4,3,3,3,3,3,4,3,3,4,3,4
0912RoNew,117,1,4,4,4,3,4,4,4,1,3,4,1,1,3,2,4,3,3,2,3,4,3,2,4,4,4,4,4,4,4,5,2,4,4,4,3
0821rhhom,98,3,3,1,3,4,2,4,4,1,2,3,3,2,1,1,1,1,1,1,3,2,3,4,3,3,3,4,4,4,4,3,3,4,4,3,3
[Decline to Answer],85,1,2,1,1,1,1,1,1,3,1,1,1,3,1,1,1,2,1,1,1,1,4,4,4,4,4,4,3,4,3,4,4,4,4,4,4
0906ChTar,106,3,2,4,3,2,1,3,3,3,3,3,2,3,3,2,2,2,4,2,3,2,3,4,2,4,3,3,4,4,4,2,3,4,4,4,3
1030BaPro,84,1,1,2,2,2,2,1,1,2,2,1,1,2,1,1,2,1,1,1,2,1,4,3,4,4,4,4,3,4,3,4,3,3,3,4,4
1010MeSta,98,3,2,5,2,3,1,2,2,3,2,2,4,3,2,3,2,2,3,2,3,2,2,4,2,3,3,2,4,3,2,5,3,4,3,2,3
1118kaken,82,1,1,2,2,2,1,1,2,3,2,1,3,2,1,1,1,2,1,1,2,1,4,3,2,4,3,3,3,4,3,4,4,3,3,3,3
0922JuNor,88,1,1,1,1,2,1,2,2,1,2,1,2,2,1,1,1,2,2,2,2,1,4,4,3,4,4,4,4,5,3,4,3,4,4,4,3
0504KiThu,93,1,1,1,1,2,1,1,1,1,1,1,2,1,1,1,1,2,1,1,1,1,5,5,5,5,4,5,4,5,4,5,4,5,4,4,5
0211CyDar,101,2,1,1,3,3,2,2,1,3,3,1,3,2,1,1,2,3,1,3,2,2,4,5,3,4,4,4,4,5,3,4,3,4,4,4,4
1003RoLak,88,1,2,1,1,1,1,1,1,1,1,1,1,1,1,1,1,1,1,1,1,1,5,,4,5,5,5,4,5,4,5,5,5,5,4,5
0116MaBou,107,3,1,4,2,4,1,2,5,4,3,4,3,2,3,2,3,2,2,1,4,3,4,3,2,4,4,3,3,4,4,3,4,3,2,2,4
0609lachu,91,2,1,1,2,2,1,1,2,3,2,1,1,2,1,1,1,2,2,1,1,1,5,5,4,5,4,5,3,4,3,4,4,5,3,4,2
0120LiRoc,104,2,3,3,3,4,2,4,4,4,2,2,4,4,3,3,3,3,3,4,4,3,3,3,2,3,3,2,2,3,2,2,2,3,2,3,2
0101maarc,81,2,1,2,1,4,1,3,1,2,5,1,1,1,1,1,2,4,2,2,3,2,2,3,2,3,3,2,3,4,3,,3,3,3,3,2
1026JeTam,90,1,1,2,2,2,1,2,2,1,2,1,2,2,1,1,1,2,1,1,2,1,4,4,4,4,4,4,4,4,2,5,4,4,4,4,4
0904somer,119,3,3,3,2,3,4,3,3,3,3,3,3,3,3,2,3,3,2,3,3,3,4,4,4,4,4,4,4,4,4,4,4,4,3,3,4
1030JeNor,90,1,1,1,3,2,1,1,2,1,2,1,2,3,1,1,1,2,2,1,1,1,4,3,4,4,4,3,4,5,3,5,4,4,3,4,5
1101magle,92,1,2,2,2,2,1,3,3,3,1,2,2,3,2,1,2,2,2,3,2,2,3,3,4,4,3,2,3,3,4,4,3,4,3,2,4
"07,29,SA,ASF",96,2,1,1,3,2,3,1,1,1,1,1,1,2,1,1,1,2,1,1,3,1,4,4,4,5,4,4,5,4,5,5,4,5,5,3,4
0604NePom,104,3,1,3,2,3,1,3,1,4,3,2,1,3,2,2,1,4,1,1,3,3,4,4,4,4,4,5,4,4,2,4,3,5,3,3,4
[Decline to Answer],91,3,2,3,4,2,2,2,3,3,2,2,3,4,2,2,2,3,2,3,3,3,2,2,2,3,3,2,2,3,2,2,3,3,2,2,3
0610crces,124,4,4,3,3,3,4,5,4,4,3,3,3,4,1,1,3,3,3,1,2,1,3,5,4,5,4,4,5,5,3,5,4,3,5,3,4
0628MeOla,110,2,2,4,3,4,2,4,3,3,2,3,3,4,1,1,1,4,1,1,2,1,4,4,4,4,4,4,4,4,4,4,3,4,4,4,4
0613WeVan,97,2,3,2,2,3,3,2,3,3,3,2,2,4,4,4,4,4,4,4,4,4,2,1,2,3,2,1,2,2,2,3,2,4,2,2,1
0323ansou,94,2,2,2,2,2,2,2,2,3,2,2,2,3,2,2,2,2,1,2,1,2,4,4,4,4,4,2,4,3,3,4,3,3,4,3,3
1006MaCha,103,3,2,4,3,4,4,4,3,4,4,1,4,4,2,3,1,3,1,,4,3,3,4,3,4,3,3,3,3,3,3,3,,3,2,2
1217ToLeg,81,1,1,1,2,1,1,2,2,1,2,1,2,2,1,1,1,1,1,1,1,1,4,4,3,4,4,4,3,3,3,4,3,4,3,4,4
1223jehig,88,1,1,1,2,2,1,2,2,2,2,1,2,3,1,1,1,2,1,1,2,1,4,3,3,4,4,4,4,4,3,4,3,5,3,4,4
0712lapio,88,1,1,2,2,2,3,3,2,1,1,1,2,2,1,2,1,2,1,1,2,1,4,4,3,4,4,3,3,4,3,4,4,4,3,3,4
0517DiEve,98,2,2,2,3,3,2,3,3,2,2,1,3,3,3,2,3,4,1,3,3,3,3,3,3,3,3,2,3,3,4,3,3,3,4,3,2
0204lahyd,85,2,1,2,2,2,1,2,2,1,3,3,1,3,1,1,1,2,2,2,2,1,3,3,3,4,3,3,3,3,3,4,3,4,3,3,3
1204AlFai,113,1,2,1,2,3,2,4,2,2,3,1,2,3,4,2,3,4,4,3,4,4,4,2,4,4,4,5,5,5,3,3,3,5,4,2,4
0418anfai,90,1,1,2,1,4,1,2,3,3,2,1,3,2,1,1,2,2,1,2,2,1,4,3,4,4,4,4,3,4,3,2,3,4,3,3,4
0922GaBer,102,3,2,2,2,2,2,2,3,3,3,3,3,4,2,2,2,3,2,2,3,2,3,4,4,4,3,2,4,4,2,4,3,3,3,3,4
0705JR,84,1,1,2,1,1,1,1,2,3,1,1,1,1,1,1,2,1,1,1,1,1,4,1,4,5,5,4,4,4,3,4,4,4,4,4,4
0223LaMon,94,4,2,3,4,4,2,3,3,2,3,1,2,4,1,1,1,3,2,2,2,1,3,4,3,3,3,3,3,3,2,3,3,3,2,2,4
0915MaChe,103,3,3,3,3,3,4,3,3,3,3,3,4,4,3,3,3,4,3,4,4,3,2,3,2,2,2,2,3,2,2,3,2,2,3,2,2
0819CLPAL,51,1,1,1,1,1,1,4,1,1,1,1,1,1,1,1,1,1,1,1,1,1,1,1,1,3,1,2,3,2,1,1,1,2,3,1,4
0508IsVid,105,3,4,4,2,3,3,4,3,3,3,3,2,3,3,3,3,3,3,3,3,3,2,3,3,3,2,2,3,2,3,3,3,4,2,3,3
0306KaBis,97,2,1,2,3,3,1,3,3,2,2,2,2,2,1,1,1,2,1,1,2,2,4,4,3,4,4,4,4,4,3,5,4,4,4,4,3
0316HeBro,101,2,3,3,2,2,1,3,2,2,1,1,2,2,1,1,1,1,2,1,1,1,4,4,4,4,5,5,5,4,3,5,5,5,4,4,5
[Decline to Answer],108,3,3,3,3,3,3,3,3,3,3,3,3,3,3,3,3,3,3,3,3,3,3,3,3,3,3,3,3,3,3,3,3,3,3,3,3
1202kijoh,107,1,1,2,1,2,1,2,2,2,1,3,2,2,1,1,1,2,1,2,2,1,5,5,5,5,5,5,5,5,4,5,5,5,5,5,5
1122ShMon,98,2,2,2,2,3,2,3,2,2,2,1,2,2,1,2,2,2,1,1,2,1,4,4,4,4,4,4,4,4,4,4,4,4,4,3,4
1103albee,110,4,5,5,3,4,5,5,4,3,2,2,2,4,3,2,3,4,3,5,4,3,2,2,2,2,3,3,3,3,2,2,1,3,2,2,3
0411FoCen,104,2,2,2,3,3,2,3,2,3,2,2,3,3,1,1,2,3,1,2,3,1,4,4,4,4,4,4,4,4,4,4,4,4,3,3,4
0217kaber,97,2,1,3,3,2,3,3,3,2,3,2,3,3,2,2,2,3,2,2,3,1,3,3,3,4,3,3,4,4,3,2,2,4,2,3,4
0710SuPin,92,2,1,2,2,2,2,2,2,3,2,1,2,3,2,2,2,2,2,2,2,2,4,3,3,4,4,4,2,4,3,3,3,3,3,3,4
0104kamet,98,3,3,4,3,4,3,2,2,3,2,1,2,2,4,3,3,4,4,2,3,2,2,3,2,3,3,3,3,3,2,2,3,2,1,4,3
0222rehom,95,3,3,3,3,4,3,4,4,3,2,1,2,4,3,3,3,3,3,3,3,3,2,2,2,2,2,2,2,2,2,2,2,3,3,2,2
Masconomet18!,113,1,4,3,2,3,4,5,3,3,2,3,2,3,2,3,2,2,2,2,2,2,4,4,4,4,4,5,4,4,3,4,3,5,3,3,4
1105jeroo,108,3,2,3,3,3,1,4,3,4,4,3,3,4,2,3,3,2,3,2,3,4,3,3,2,4,3,2,5,4,3,3,2,4,4,2,2
1001jadev,103,2,2,1,2,3,3,3,3,2,2,1,1,2,1,2,2,2,2,2,2,2,4,4,4,4,4,4,4,4,4,5,4,4,4,4,4
0429lidss,93,2,2,2,2,2,1,2,2,2,2,2,1,2,2,2,2,2,2,2,2,2,3,4,4,4,4,3,3,3,3,2,4,5,4,3,4
1230jemul,104,2,2,3,2,3,3,3,4,2,1,2,2,4,2,3,3,2,3,2,2,2,3,4,4,4,4,3,4,3,3,4,2,4,4,3,3
1227decor,87,2,1,1,2,2,1,2,2,1,1,1,1,3,1,1,1,2,2,1,2,1,4,4,4,4,4,1,4,4,4,4,3,4,4,4,4
0207kiche,95,2,1,1,2,2,2,4,3,3,1,3,1,2,1,1,1,3,1,2,2,1,4,4,3,3,4,3,5,4,4,4,3,4,5,4,2
0604DaCha,87,1,1,3,2,3,4,3,5,2,2,1,2,2,2,1,1,1,1,1,2,1,4,3,2,4,2,3,2,4,4,3,2,3,3,3,4
0217SiFai,96,2,2,1,2,2,1,2,3,2,2,2,2,2,1,2,2,2,1,1,2,2,4,4,4,4,4,4,4,4,3,5,3,4,3,4,4
0612cemul,81,4,2,3,4,4,3,4,3,2,1,1,1,1,2,2,3,3,3,3,4,2,2,1,1,2,1,1,2,2,1,2,2,1,1,4,3
1102ArLak,120,4,3,3,4,4,1,4,3,2,3,5,3,4,3,3,3,4,3,1,4,3,3,2,3,3,4,5,4,3,5,4,2,5,3,4,3
0505SuVen,92,1,2,1,2,2,3,2,1,4,2,1,2,3,1,2,2,2,1,1,2,2,4,5,3,4,4,4,3,2,5,3,3,3,3,3,4
1209MiLac,84,1,1,1,1,1,1,1,1,1,2,1,3,3,1,2,1,1,1,1,1,1,4,3,4,4,4,4,3,4,3,4,3,5,3,5,4
0627chwes,119,4,4,4,5,5,5,5,4,3,2,4,2,2,2,3,3,4,2,3,4,3,3,3,3,3,4,3,3,3,3,3,3,3,3,3,3
0105ginic,122,3,2,3,3,4,3,4,3,4,4,3,3,4,2,2,2,3,3,2,3,2,4,4,4,4,4,4,4,4,4,4,4,4,4,4,4
0113YoGra,117,3,2,4,4,3,2,4,3,3,3,2,3,4,4,4,3,4,3,4,4,4,2,4,3,3,3,4,3,4,4,2,3,3,3,3,3
1017TaWoo,84,2,1,1,1,1,1,2,2,1,1,1,1,2,1,1,1,1,1,1,1,1,4,4,4,4,4,4,4,4,3,4,4,4,4,4,4
0926MePra,107,3,3,3,2,3,3,3,3,4,3,2,3,4,3,3,3,3,3,2,3,3,3,3,3,3,3,3,3,3,3,3,3,3,3,3,3
1004AnFai,95,3,1,1,4,3,3,3,2,2,1,2,2,1,2,1,1,3,3,1,2,2,3,3,4,4,4,4,3,3,3,4,3,4,2,4,4
1016YvLee,,,,,,,,,,,,,,,,,,,,,,,,,,,,,,,,,,,,,
0130LyChe,99,1,1,2,3,3,2,4,2,1,2,1,1,2,3,1,3,3,1,1,3,1,4,4,4,4,4,4,3,4,5,4,3,4,3,4,4
1004copac,83,1,1,3,2,2,1,1,2,1,3,1,1,3,1,1,1,2,1,1,1,1,4,3,3,4,3,3,4,3,3,3,4,4,3,4,4
0521StArv,118,4,4,4,4,4,4,4,5,4,2,3,3,4,2,2,3,3,3,2,3,3,3,4,3,3,3,3,4,3,4,3,2,4,3,3,3
1003CaRoc,121,4,3,5,5,4,5,4,5,5,3,4,3,4,3,3,4,4,4,5,3,3,3,3,3,3,3,3,3,3,2,3,2,,4,,3
1027MeEas,91,1,1,1,3,3,1,3,3,3,3,3,,3,1,1,1,3,3,1,2,1,3,3,3,4,3,4,3,4,3,4,4,3,3,3,3
[Decline to Answer],91,2,1,3,1,2,1,2,2,1,2,2,2,2,1,1,1,2,1,1,2,1,3,4,4,4,4,3,4,4,4,4,4,4,4,4,4
10ralcc,89,1,1,2,2,2,1,2,2,2,2,1,1,2,1,1,1,2,1,2,1,1,4,5,3,4,4,4,5,4,4,3,3,4,4,3,4
0319jevai,89,2,3,3,2,4,3,4,2,2,1,1,1,2,1,1,1,2,1,1,2,1,4,3,4,4,4,3,3,4,2,4,3,4,1,3,3
0103LaDex,94,2,3,3,2,4,1,4,4,2,2,2,2,2,1,1,2,3,1,3,3,2,2,1,2,3,3,3,4,4,5,3,3,3,4,2,3
0506krjac,95,1,1,1,2,1,1,2,2,1,2,1,2,2,1,1,1,2,1,1,1,1,4,4,5,5,5,4,5,4,4,5,5,4,5,4,4
0225StSta,118,3,4,5,3,5,4,5,3,4,3,3,3,4,5,3,4,5,5,5,5,5,2,3,2,2,2,2,2,3,3,1,1,2,2,2,3
1203CyHam,94,2,1,2,3,4,3,3,2,2,2,3,3,3,2,2,2,3,1,2,3,1,3,2,3,3,4,2,2,3,3,4,3,3,3,3,4
0426polyn,70,1,1,2,1,1,1,1,1,3,3,3,3,3,1,3,1,3,1,1,1,1,2,3,1,2,1,2,1,1,3,4,4,3,2,3,2
0725stwes,91,1,3,2,3,3,2,4,2,3,3,2,3,4,3,2,3,3,2,2,3,3,2,3,2,2,2,1,2,3,2,3,3,3,2,2,3
0709clfou,107,2,2,2,3,3,2,2,4,5,4,4,4,5,2,2,2,3,4,3,3,2,3,3,3,3,3,3,3,3,5,2,2,3,2,3,3
0110MiWhe,97,1,1,1,3,3,1,3,3,2,2,1,1,3,1,1,2,3,1,3,3,1,4,4,4,4,4,3,3,4,3,5,4,4,3,3,5
0517KITOR,95,2,3,4,4,4,3,4,4,5,2,4,3,4,2,2,3,3,3,2,3,2,1,2,2,2,2,2,2,2,2,3,1,2,2,2,2
0508ElChe,94,4,2,3,2,2,1,3,2,3,2,2,2,3,1,2,2,3,2,3,3,2,2,4,3,2,2,4,3,2,2,4,4,3,4,4,2
1015KaFai,106,3,1,1,3,3,2,3,3,4,3,2,3,3,1,1,2,3,2,2,2,2,4,4,4,4,4,4,4,4,4,3,4,3,3,4,4
0131aloak,115,4,3,3,3,3,3,4,3,4,2,2,2,4,2,2,3,4,1,3,3,4,2,4,3,4,4,3,4,4,3,3,3,5,4,4,3
0909DeMilk,96,1,2,4,1,1,2,3,3,2,3,2,2,2,1,2,4,2,1,1,2,1,4,2,4,4,3,5,3,4,2,4,4,4,2,5,4
0904KrMar,84,1,1,2,2,2,2,2,2,2,2,1,1,3,1,3,2,4,2,3,3,2,3,3,3,3,2,2,2,3,3,2,3,4,2,3,3
0917jahal,86,2,1,1,2,2,1,3,2,1,2,1,1,2,1,1,1,2,1,1,2,1,4,4,4,4,4,4,4,1,5,4,4,3,4,3,3
1118didan,95,2,1,1,1,2,1,1,3,3,2,1,2,3,1,1,1,2,1,2,2,1,4,4,3,4,4,4,4,4,5,5,4,4,4,3,5
1130GeWoo,25,,,,,,,,,4,4,,4,4,,,,,,,,,,2,,,,,,,1,,,4,,,2
[Decline to Answer],96,2,2,2,3,3,2,4,3,1,1,2,3,1,2,2,1,2,2,2,2,2,3,4,3,4,3,4,4,4,4,3,3,3,3,4,3
0921hekey,83,2,1,3,3,3,1,3,2,1,2,1,2,3,2,2,1,2,2,3,1,2,3,1,3,3,2,2,3,3,2,3,3,3,2,4,4
0301BrAbr,92,3,2,1,2,2,1,2,1,2,1,1,3,2,2,1,1,2,1,1,1,2,4,4,4,5,4,4,5,3,3,4,5,4,3,2,4
1226chgui,82,1,1,1,1,2,1,3,3,1,1,1,1,2,1,1,1,1,1,1,1,1,3,3,3,4,4,3,4,4,4,5,4,3,3,4,4
0215babel,99,3,3,4,3,3,4,4,2,3,2,3,2,4,4,5,3,3,4,4,4,4,2,2,2,2,1,2,2,2,2,1,2,2,2,2,2
abgh2394,99,4,3,4,4,4,3,4,4,2,2,3,,4,3,5,4,3,4,3,3,4,2,,3,3,3,2,2,3,3,2,2,,3,1,
0606ErChe,116,1,3,2,3,2,4,4,3,3,4,4,3,2,4,1,1,3,2,5,3,3,3,4,3,3,3,3,5,4,5,5,3,5,3,4,3
0707brhar,90,2,2,4,2,2,2,2,2,4,3,4,4,4,2,2,2,4,4,4,4,2,2,,2,2,2,2,5,2,2,1,2,1,2,2,2
0710JuHo,87,1,1,3,3,3,1,3,3,3,1,1,2,3,1,1,1,2,1,1,3,1,3,3,3,4,3,3,3,3,3,4,3,3,4,3,3
0828ChBou,82,1,1,1,2,3,1,1,1,1,1,1,1,1,1,1,1,1,1,1,2,1,4,4,4,4,4,4,3,3,4,4,4,4,3,4,4
0707WhMar,89,2,1,1,2,2,1,2,2,2,2,1,2,2,1,1,1,2,1,1,1,1,4,3,4,5,4,4,3,4,4,4,3,5,3,4,4
0112MiAra,106,2,1,2,1,3,2,3,2,2,1,4,2,3,1,1,1,2,1,2,2,1,4,5,4,4,5,4,5,5,5,5,4,5,4,4,4
0111JeReg,118,3,4,4,4,4,4,4,3,4,3,4,4,4,3,3,2,3,3,3,3,2,3,3,3,3,4,3,4,4,2,3,3,3,3,3,3
0605ChHaw,130,4,4,4,4,5,4,5,3,4,3,4,4,4,3,1,4,4,3,3,3,3,4,5,4,4,4,3,4,5,3,3,3,3,3,2,4
0625krlit,126,3,4,4,4,4,5,5,4,2,2,2,4,4,2,3,4,4,2,2,2,2,5,4,4,5,4,4,4,4,5,3,3,4,3,2,4
0709TaSea,103,3,3,3,4,3,2,3,4,4,3,3,3,4,3,2,3,4,3,3,4,3,2,2,2,3,2,3,3,2,2,2,2,3,3,3,2
1101MiEri,86,1,1,2,1,2,2,2,1,3,2,1,1,2,1,1,2,2,1,2,2,1,4,3,3,3,3,3,4,5,4,4,3,3,3,3,5
1016maroc,108,3,2,3,3,3,3,2,2,3,3,3,4,3,3,2,3,3,3,2,2,3,4,3,3,3,4,3,3,3,3,5,3,4,3,3,3
0507jelak,105,2,3,3,3,3,3,3,3,3,3,3,3,3,3,3,3,3,3,3,3,3,3,2,3,3,3,3,3,3,3,3,3,3,3,2,3
0619keSmo,81,1,1,1,1,1,1,1,1,1,2,1,2,3,1,1,1,2,1,1,1,1,4,4,4,4,4,3,3,3,2,4,4,4,4,4,4
0629kjcar,82,1,1,1,2,2,1,2,1,1,1,2,1,2,1,1,1,1,1,1,1,1,4,4,4,1,4,4,4,4,4,5,4,3,4,3,4
0803StPom,111,4,2,3,4,4,3,4,4,3,2,2,3,4,2,2,1,2,3,2,2,2,4,4,3,4,4,4,4,3,4,4,3,3,3,3,3
0519ChHar,121,4,5,4,4,4,5,4,4,4,2,4,3,4,3,2,3,2,4,3,3,3,3,4,4,3,3,4,4,3,2,2,3,3,2,4,3
0822stken,98,2,1,2,2,3,1,2,3,4,2,1,3,3,1,2,1,2,2,2,2,1,4,4,4,4,4,4,4,4,4,4,3,3,4,3,3
0708LoRoc,115,4,1,4,2,3,1,1,5,5,4,5,3,5,2,3,3,3,3,2,3,4,3,3,3,4,4,3,3,3,4,4,3,2,3,3,4
1001ReNor,90,1,2,1,1,2,1,3,2,1,3,1,2,3,2,2,1,2,1,1,3,1,4,3,3,4,4,4,3,3,3,4,4,4,3,4,4
1114RoWes,91,1,1,1,2,2,1,1,1,2,1,1,1,3,1,1,1,3,1,1,2,1,4,4,4,4,4,4,4,4,3,5,4,5,4,5,4
1231DoPom,96,1,1,2,2,1,1,2,2,4,1,2,4,4,1,1,1,3,2,2,2,2,4,3,3,4,4,4,3,4,3,4,4,4,4,3,4
0407stfru,93,4,1,3,3,2,1,2,2,4,3,2,3,3,3,2,2,3,3,3,3,2,3,3,2,3,2,2,3,3,3,3,3,2,3,2,2
0905GiThu,100,2,2,3,3,5,3,4,3,4,2,2,3,3,2,2,1,3,1,1,3,2,3,3,3,4,4,2,3,3,3,3,3,3,3,3,3
0406VaSum,81,2,1,1,1,2,1,2,2,1,1,2,2,2,2,1,1,2,1,2,2,1,3,3,3,4,3,3,4,3,2,3,4,3,3,4,4
0907CiChe,107,4,3,4,4,3,3,3,3,3,3,4,3,3,4,3,4,4,4,4,4,4,2,3,2,2,2,2,2,2,4,1,2,3,2,2,2
0424stpra,109,3,4,5,3,3,4,4,5,4,4,4,3,3,3,2,2,4,4,2,4,3,3,2,3,3,2,2,3,3,2,3,2,2,2,2,2
1211CiCon,118,3,4,4,5,5,5,5,5,4,4,4,4,4,3,5,3,3,4,4,4,4,2,2,2,2,2,2,2,2,2,3,2,2,2,2,3
0527JaOak,88,3,1,2,,3,4,1,2,3,2,1,3,2,2,4,1,2,3,3,3,2,2,3,1,3,,3,3,3,5,3,3,3,3,3,3
1025DiChe,97,2,1,2,2,3,3,3,2,2,2,2,2,2,1,1,1,2,1,2,2,1,4,4,4,4,4,4,4,4,3,4,4,4,3,4,4
0521jacen,108,2,3,5,3,3,3,4,5,4,3,2,4,4,3,2,2,2,3,2,2,2,3,3,3,4,3,2,2,2,3,4,3,3,3,3,4
0620JuNot,98,1,2,4,4,2,2,3,3,4,2,5,2,2,3,2,4,3,4,2,4,4,2,3,1,3,2,3,4,4,1,1,2,4,2,1,3
1116naWes,99,2,2,2,2,2,2,2,3,3,3,4,2,3,2,3,2,3,2,2,3,2,3,3,3,3,3,3,4,3,3,4,3,3,3,4,3
0923HaNas,84,3,2,2,3,3,1,3,3,2,2,1,2,2,1,2,2,2,1,2,2,2,2,2,2,3,3,2,3,3,2,3,4,3,3,3,3
0529kacas,79,1,1,2,1,3,1,2,1,1,1,1,1,2,1,2,1,2,1,1,1,1,4,3,3,4,4,3,3,3,2,4,3,4,3,4,4
0718LaRoc,100,3,4,4,2,1,3,4,2,4,1,1,1,3,1,1,1,3,1,2,3,1,3,4,3,4,4,4,5,4,2,4,3,3,3,4,4
0224daroc,107,3,3,3,1,3,3,3,3,3,3,3,3,3,3,3,3,3,3,3,3,3,3,3,3,4,3,3,3,3,3,3,3,3,3,3,3
0331jedaw,106,2,5,3,3,3,1,2,2,3,3,2,3,3,1,2,3,3,2,1,2,2,3,4,4,4,4,4,3,4,3,3,4,4,4,4,3
[Decline to Answer],93,2,2,2,3,3,2,2,4,1,3,,1,1,2,2,1,3,2,1,2,1,4,3,4,4,3,4,3,3,5,4,2,4,4,4,2
0702joeas,85,1,2,1,2,2,1,3,2,2,3,1,2,2,2,3,1,2,3,2,2,2,3,3,3,3,3,3,3,4,3,3,3,3,2,2,3
0603KrPie,94,1,1,3,1,2,1,3,1,1,2,1,2,2,1,1,2,2,2,1,2,1,4,4,3,5,4,4,5,4,5,4,3,5,3,3,5
1116NgEas,93,1,1,3,1,4,1,2,1,2,2,2,2,3,2,2,1,2,1,2,1,2,4,4,4,4,4,3,4,3,3,4,3,3,4,4,4
1219MaMin,86,1,1,1,1,1,1,1,1,1,1,1,1,1,1,1,1,1,1,1,2,1,5,4,4,5,4,4,4,4,4,5,4,4,4,4,5
0402StAsp,97,2,1,1,1,2,2,2,2,2,2,2,2,3,1,1,1,2,1,2,2,1,4,4,4,4,4,4,4,4,4,3,4,4,5,5,5
0601samer,75,2,2,1,1,3,1,3,2,3,2,2,2,3,1,1,1,2,1,1,2,1,3,2,3,4,3,1,3,2,2,4,2,2,2,2,3
1004kasha,93,1,1,1,1,1,1,1,1,1,1,1,1,1,1,1,1,1,1,1,1,1,5,5,5,5,4,5,5,5,4,5,5,4,5,5,5
1108repri,101,3,2,3,2,3,2,4,3,3,2,2,2,3,3,2,2,3,2,2,3,2,4,3,3,3,4,3,3,2,2,4,3,4,3,3,4
1014CyNis,106,2,3,3,3,3,4,4,3,2,3,3,3,3,3,2,3,3,3,3,3,3,3,3,3,3,3,3,3,3,3,3,3,3,3,3,2
1129pasco,91,1,1,1,1,3,2,4,1,2,2,1,2,2,1,1,1,2,2,2,3,1,4,4,4,4,4,4,3,4,4,2,4,4,3,3,4
0914ShHor,105,1,1,2,2,3,1,1,2,2,2,1,2,3,1,1,1,2,2,1,1,1,4,5,5,5,5,5,5,4,4,5,5,5,5,5,5
0829JuRus,121,3,5,5,5,4,4,5,4,4,2,4,3,3,3,4,4,4,5,3,4,3,3,2,2,3,3,3,4,3,2,2,2,3,3,2,3
1016KyFai,84,2,1,1,1,2,1,1,2,3,2,2,2,2,1,2,1,3,2,2,3,1,3,3,3,3,3,3,4,3,3,4,3,3,3,3,3
1030malan,85,1,1,2,2,3,1,2,2,1,1,1,1,1,1,1,1,2,1,1,1,1,4,4,4,4,4,3,4,4,3,4,4,4,3,4,4
1107jebra,72,1,1,1,2,2,1,1,2,1,1,1,1,3,1,1,1,1,1,1,1,1,4,1,1,4,3,4,4,4,2,4,3,3,3,3,3
1024lilut,109,4,3,3,4,5,4,5,4,1,2,2,2,2,3,3,3,3,3,1,3,3,3,4,2,3,2,2,4,4,4,2,3,4,2,2,5
0813brmou,132,4,5,5,2,3,5,4,3,4,3,3,3,4,4,3,5,4,5,4,3,4,4,3,3,4,4,4,4,5,3,4,2,4,3,2,3
0802trshi,79,2,1,2,2,3,1,2,4,3,3,2,4,3,1,2,1,3,1,2,3,1,3,1,2,4,3,2,2,3,2,2,2,1,2,2,2
0404megal,81,1,2,2,2,2,2,3,2,2,2,2,2,2,1,2,1,2,1,3,2,3,3,3,3,3,3,3,3,2,4,4,1,3,2,2,1
vW9USbAn,106,2,4,3,4,3,3,3,4,4,2,1,4,4,4,3,4,3,4,4,3,3,2,3,2,3,3,2,3,3,2,2,2,2,3,3,2
0813AlCol,90,2,1,1,2,3,1,3,3,4,2,2,2,3,1,2,1,3,1,2,3,1,3,3,3,4,3,3,3,3,2,4,3,3,3,4,3
0205debed,126,4,4,4,4,4,4,4,4,3,2,3,3,3,4,4,4,4,4,4,4,4,3,3,3,4,3,3,3,3,4,3,2,4,3,3,4
0811RaSil,89,2,2,2,3,2,1,3,1,1,1,1,1,1,1,1,1,1,1,1,1,1,5,4,4,5,4,4,4,4,2,5,3,4,4,4,4
0210thher,91,1,1,3,3,4,1,3,3,3,2,1,3,4,2,4,2,3,1,1,3,3,3,3,3,3,3,2,4,3,4,2,2,4,1,1,2
0701KriWest,91,1,1,1,2,2,1,1,1,2,1,1,3,3,1,1,1,2,1,2,2,1,4,4,4,4,4,4,4,4,4,4,4,4,4,4,4
0503LaDur,103,3,3,4,4,4,4,5,4,4,4,2,3,3,2,4,3,3,2,3,3,2,2,2,2,2,2,2,3,4,2,2,2,2,3,2,2
0326recha,96,3,2,2,3,3,2,3,4,3,3,2,4,2,2,2,2,2,2,2,3,2,3,3,3,3,3,3,3,3,3,3,3,2,3,2,3
0925JeFai,96,4,2,2,4,4,4,5,5,1,2,1,2,2,1,2,3,3,2,1,3,1,3,3,3,4,3,3,3,3,2,2,2,3,2,4,2
1017BeVan,107,3,3,3,3,3,3,3,3,2,3,2,3,3,2,1,3,2,2,1,2,3,4,4,4,4,3,3,4,4,4,4,3,4,3,3,3
0830dehad,95,2,1,3,3,4,1,4,3,1,2,2,2,1,3,2,2,3,3,3,2,3,4,3,3,4,3,3,3,3,2,2,2,4,2,3,4
1220RuBro,88,2,1,2,2,3,2,2,2,2,2,2,3,3,1,1,1,1,1,1,1,1,3,3,3,4,4,4,2,3,3,4,4,4,3,4,4
0219Chfai,82,1,1,2,2,3,1,2,1,2,2,2,2,3,1,1,1,2,1,1,2,1,3,3,3,4,3,3,3,4,3,3,3,3,3,3,4
0708LuBei,76,2,1,2,2,2,2,2,2,2,2,1,2,2,2,2,3,2,2,2,2,1,3,3,2,2,2,2,3,2,2,3,2,3,2,2,3
1021FaMul,107,2,3,4,4,5,4,4,2,2,3,3,3,4,3,4,3,4,5,4,4,3,2,2,2,3,2,2,3,2,3,2,2,2,2,3,2
0414evmi,89,1,3,2,2,4,2,4,4,2,1,1,1,2,1,1,1,2,2,3,3,2,3,4,3,3,3,4,4,3,4,3,1,3,4,1,2
0208JaCen,92,1,1,1,1,1,1,1,1,1,1,1,1,1,1,1,1,1,1,1,1,1,5,5,5,5,5,5,5,4,5,5,5,4,4,4,5
1024maken,81,1,1,3,2,1,1,1,1,1,2,1,1,1,1,1,1,1,1,1,2,2,4,1,4,5,5,4,4,4,3,4,4,4,3,3,2
0704JaFai,85,1,2,2,3,2,2,2,2,2,2,2,3,3,1,2,2,1,1,1,3,2,3,2,3,4,3,3,2,3,3,4,3,3,3,2,3
0223JoHol,89,1,2,1,1,2,1,2,3,2,2,1,2,2,1,2,1,2,1,1,2,1,4,3,4,4,4,4,3,4,4,3,4,4,4,3,4
0412VaPla,97,1,2,2,3,3,2,4,3,2,2,1,2,2,1,2,1,3,2,2,2,2,4,3,3,4,3,4,3,4,5,3,3,4,4,3,3
0605MUMO,67,1,1,1,1,2,1,1,2,1,1,1,2,3,1,1,1,2,1,2,2,1,3,1,1,3,3,1,2,3,2,3,3,3,3,4,3
[Decline to Answer],116,2,1,4,3,4,2,4,3,3,1,2,2,3,3,2,5,5,1,2,3,3,4,3,4,4,4,3,3,4,4,4,3,5,5,4,4
0111blreg,105,2,2,4,3,3,2,4,2,1,3,2,3,1,1,2,1,3,2,2,2,2,4,4,4,4,4,4,4,3,4,3,3,4,4,5,4
[Decline to Answer],102,3,4,5,3,3,5,4,3,3,2,3,2,3,3,3,3,4,4,5,4,4,2,2,2,2,2,1,2,2,2,2,2,2,2,2,2
0331zibro,101,2,3,3,3,3,2,3,3,4,3,3,4,4,2,2,1,2,1,3,3,2,4,3,3,3,3,3,3,3,3,3,2,3,4,3,2
1004KaHer,90,1,1,1,1,1,1,1,2,1,2,1,2,2,1,1,1,1,1,1,1,1,4,5,4,4,4,4,5,5,4,5,4,4,4,4,5
0908elfai,122,4,4,4,5,5,5,5,4,4,4,3,4,3,3,1,3,3,3,3,3,3,3,3,3,3,3,3,4,3,3,3,3,3,3,3,3
0731LiHui,56,1,1,1,2,1,1,1,1,1,1,1,1,1,1,1,1,1,1,1,1,1,3,1,3,3,3,2,2,2,1,4,3,2,1,2,2
0724motam,99,2,1,2,2,2,1,3,3,3,3,2,3,3,1,2,1,2,1,1,2,2,4,4,3,4,4,4,4,4,3,4,4,3,4,4,4
0914iscas,86,1,1,1,1,2,1,2,2,1,1,1,1,1,1,1,1,2,2,1,2,1,4,4,3,4,4,4,4,4,4,4,4,4,4,4,4
0226MiPue,96,1,1,1,2,4,2,2,4,3,3,2,4,4,1,2,1,2,2,2,3,1,3,4,3,3,3,3,4,3,5,5,2,3,3,3,2
0912AnHig,93,1,1,1,1,2,1,1,2,1,2,1,1,3,1,1,1,1,1,1,2,1,4,5,4,4,4,4,5,4,5,5,4,5,4,5,4
0222LiAra,104,3,3,4,4,5,3,4,5,2,3,2,3,2,4,3,2,5,4,4,4,3,2,3,2,2,2,3,2,2,2,2,1,3,2,2,2
0820MiIss,101,2,1,2,3,3,1,3,3,2,3,2,2,3,1,1,1,2,1,1,2,1,4,4,4,4,4,4,4,4,5,4,4,4,4,4,4
0524SuFai,87,1,1,3,2,1,1,2,3,2,2,2,2,2,1,2,1,1,1,1,2,1,3,3,3,4,4,3,3,4,3,5,3,4,4,3,4
[Decline to Answer],93,2,2,2,3,3,2,3,3,3,2,2,3,3,2,2,2,2,2,2,2,2,3,2,3,3,4,3,2,3,3,4,3,3,2,3,3
0824allas,93,2,1,1,2,,1,3,2,2,2,1,2,2,2,1,2,2,3,2,2,2,3,4,3,3,3,4,4,5,4,4,4,4,4,4,3
0227MaCou,99,4,2,3,4,4,2,2,4,2,2,1,3,3,3,2,3,2,4,1,3,3,3,4,1,3,2,2,3,3,4,2,3,4,3,1,4
0815dethu,88,1,1,2,1,2,1,1,1,1,1,1,1,1,1,1,1,1,1,1,1,1,4,4,4,5,4,5,4,4,4,5,4,5,4,4,5
0111MeLas,104,2,3,3,3,3,2,4,3,2,2,2,3,3,1,2,1,3,2,2,3,2,4,4,3,4,4,4,3,4,3,3,3,4,3,3,4
0220kenor,93,2,3,3,4,4,3,4,1,2,1,1,1,3,1,1,1,2,1,1,2,1,3,4,3,3,3,3,4,3,3,5,3,4,3,4,3
0924smbro,95,2,2,2,2,2,3,3,3,2,2,2,3,2,1,3,1,2,1,1,2,1,3,3,3,3,4,4,4,4,3,4,3,4,3,4,4
0522najse,84,1,1,3,2,2,1,1,2,1,1,1,3,2,1,1,1,1,2,1,1,1,4,4,3,4,4,4,3,4,3,4,3,4,3,3,4
0704JaFai,85,1,1,1,2,1,1,1,2,1,1,1,1,2,1,1,1,1,1,1,1,1,4,3,4,5,4,5,5,4,4,4,4,4,4,3,4
0613RoMea,115,3,3,3,4,4,3,5,4,3,2,4,3,3,4,2,3,4,2,4,4,4,2,3,3,3,3,3,4,3,2,4,2,3,3,3,3
0720DaAra,117,3,3,2,4,3,2,3,3,4,4,3,3,3,3,2,3,3,3,3,3,3,3,4,3,4,3,4,5,4,4,4,3,3,4,3,3
1024ElSai,86,2,3,2,3,3,3,3,2,1,1,1,2,2,2,2,1,2,2,2,2,2,3,3,3,3,3,3,2,3,2,4,3,3,3,3,2
1203ladow,97,2,2,2,2,2,2,2,3,2,2,2,3,2,1,1,2,2,2,2,2,2,3,4,4,5,3,3,3,4,3,4,4,4,4,4,3
0501NiCa,97,2,3,2,3,3,4,4,3,3,2,1,3,2,3,4,3,3,4,3,3,3,2,2,2,3,3,3,3,2,2,3,2,3,2,2,2
0531EmMan,109,3,2,4,2,3,2,3,3,3,3,2,4,3,2,2,2,3,3,2,3,2,3,5,3,4,3,3,4,3,3,4,3,3,4,4,4
1210leGra,103,4,2,3,3,3,3,2,3,2,2,2,2,2,2,1,4,2,2,3,3,4,3,3,3,3,4,3,4,4,3,3,3,4,3,2,4
0111MaDou,118,3,3,3,1,4,2,4,4,2,1,1,1,2,4,4,2,2,3,3,2,3,4,4,5,5,5,5,5,5,3,4,3,4,4,3,5
[Decline to Answer],88,1,1,1,3,2,1,3,2,2,2,1,2,2,1,1,1,1,1,1,1,1,4,4,4,4,4,4,5,4,4,4,3,5,1,4,3
0606almlk,111,3,4,2,3,4,4,4,2,2,2,2,4,2,2,2,1,4,2,2,2,2,4,4,4,4,2,4,4,3,3,4,4,4,4,4,4
0226MaHin,100,3,3,1,3,2,1,2,4,4,3,2,3,2,1,2,1,2,1,2,2,2,3,4,4,4,3,3,5,4,4,4,3,3,4,3,3
0311DeCha,103,5,4,4,4,4,4,5,2,1,1,2,2,3,1,2,1,2,1,1,3,1,3,4,3,3,3,3,4,4,3,4,3,4,3,3,3
1016JaXav,81,2,3,2,1,3,1,2,2,1,2,1,3,2,1,2,1,1,2,1,2,2,3,3,3,3,3,3,3,3,3,3,2,3,3,3,3
0214kaTho,107,4,4,4,4,4,3,4,3,1,1,1,2,2,3,3,1,2,1,2,3,2,4,3,3,4,4,3,5,4,4,4,3,3,3,2,4
[Decline to Answer],95,1,1,2,2,2,1,2,2,2,2,2,2,2,1,5,1,1,1,2,2,1,4,4,4,4,4,4,4,3,4,5,4,4,3,3,4
beco6315,88,1,2,1,1,3,1,3,3,2,1,1,2,3,1,1,1,3,1,3,2,1,4,3,3,4,4,3,3,3,3,3,3,4,3,4,4
0917lalow,116,2,4,4,3,3,4,4,2,2,1,4,2,3,3,2,4,3,4,2,3,3,4,2,3,4,4,4,4,4,4,3,3,4,4,3,4
0708TaDen,113,4,4,4,4,5,5,5,4,3,2,1,4,2,4,3,4,5,4,5,5,3,2,2,1,3,1,2,2,2,3,3,2,2,2,3,3
0822SuSky,93,1,3,4,4,3,2,2,4,4,3,3,1,3,3,3,2,3,4,3,3,2,2,2,2,3,3,3,2,3,1,2,1,4,1,1,3
0320cabou,95,3,2,4,3,3,1,3,3,3,2,1,2,3,1,1,4,3,1,1,3,1,3,3,3,4,3,3,3,3,3,3,3,4,3,3,3
0409GiGeo,97,2,1,3,1,3,1,2,2,2,2,2,2,2,1,2,1,2,2,2,2,1,4,4,4,4,4,4,3,4,3,5,4,4,4,4,4
1123jehol,69,1,1,3,1,1,1,1,1,1,1,1,1,2,1,1,1,1,1,1,2,1,5,1,3,5,5,3,3,3,3,4,3,,1,2,3
thcr9048,100,2,1,1,3,3,1,2,2,1,2,1,1,4,1,2,2,2,2,1,2,1,4,5,4,5,4,4,5,4,3,5,4,4,4,4,4
0320MaGre,69,1,1,1,2,3,1,1,2,,,1,3,2,,1,,,,,,,3,4,3,3,3,4,5,4,3,4,3,3,4,,4
1209EuDaw,108,1,4,2,2,1,3,3,4,2,5,3,3,3,2,3,3,3,3,3,3,4,3,3,2,4,4,4,4,4,2,3,4,2,3,3,3
0226teral,96,3,1,1,1,3,1,3,2,4,2,2,2,4,1,1,1,2,1,1,2,1,4,5,4,4,4,4,3,4,3,3,3,5,4,4,3
0606krtom,89,1,1,4,3,3,1,4,2,1,1,1,1,2,1,1,1,3,1,1,1,1,1,4,4,4,4,3,5,4,4,5,1,5,3,4,3
1010FrSou,123,4,4,5,4,5,3,3,5,3,3,4,4,4,3,2,1,5,4,3,4,2,3,3,3,3,3,3,3,3,4,3,3,5,3,3,3
0910dipal,89,1,1,3,1,2,1,3,2,1,2,1,2,2,1,1,1,1,1,1,2,1,4,4,4,4,4,3,3,3,3,4,4,5,5,4,4
1113taroc,80,1,3,1,1,1,1,3,1,1,1,1,1,2,1,1,1,1,1,1,1,1,4,4,1,4,4,4,4,4,4,4,4,1,4,4,4
1119DaMon,106,2,3,3,3,3,3,3,3,2,2,2,2,3,2,2,2,2,2,2,2,2,4,4,4,4,4,4,3,3,3,4,4,4,4,3,4
1127AnHig,85,1,1,1,1,1,1,1,1,1,1,1,2,2,1,1,1,2,1,1,2,1,4,4,3,4,4,4,4,4,4,5,4,4,3,4,5
1128juhun,87,1,1,2,1,1,1,1,2,2,1,1,2,3,1,1,1,2,1,1,1,1,4,4,4,4,4,4,4,4,3,4,4,4,4,4,4
0118LiFli,93,2,2,3,2,2,1,2,1,3,2,2,2,3,1,2,1,1,1,1,2,1,4,4,4,4,4,4,4,4,3,4,4,3,4,3,3
0608MoHa,95,1,1,2,1,1,1,1,1,1,1,1,2,2,1,1,1,1,1,1,2,1,5,5,5,5,5,5,4,5,3,4,4,5,5,5,5
0201TrCas,64,1,1,1,1,2,1,3,1,4,1,1,3,4,1,1,1,1,1,1,3,1,1,3,2,1,1,1,4,3,1,3,2,3,1,2,2
0613MaChu,91,2,1,3,2,2,1,3,2,2,2,2,3,2,1,2,1,2,1,1,2,1,3,4,3,4,3,4,4,3,3,3,4,4,4,3,4
0321ivche,81,1,1,1,2,1,1,1,1,1,2,1,1,2,1,1,1,1,1,1,1,1,4,4,4,4,4,4,3,4,3,4,4,4,3,4,4
1214ChAir,96,2,1,1,2,3,1,3,2,2,3,2,3,3,2,2,2,2,2,1,2,2,4,4,3,4,3,3,4,3,3,4,3,3,4,4,4
0519kiran,80,2,2,1,3,3,3,4,3,1,1,1,2,3,1,1,1,1,1,1,2,1,2,3,2,3,3,2,3,4,2,3,2,4,3,3,3
0913KrReg,94,3,3,4,3,4,3,4,3,1,1,1,1,2,1,3,1,3,1,3,3,1,3,4,3,3,3,3,2,3,3,3,3,4,2,3,3
1117jebro,84,1,1,1,2,1,1,1,2,2,1,1,2,2,1,1,1,2,2,1,2,1,3,4,4,4,4,4,3,3,4,5,4,3,4,4,2
1211subou,117,3,3,4,3,3,3,4,3,3,3,2,3,3,3,4,2,4,4,4,4,2,3,3,3,3,3,3,3,3,3,4,4,4,3,4,4
[Decline to Answer],114,4,2,4,3,4,4,4,3,3,2,3,3,4,4,3,4,4,4,4,4,4,3,3,2,3,2,3,4,2,3,2,2,2,3,4,2
0627SuOak,87,2,1,1,2,2,1,2,2,2,3,1,1,2,1,1,1,1,1,1,2,1,4,4,3,4,4,4,3,4,3,5,3,4,3,4,4
0717BoMou,83,1,1,1,1,1,1,1,1,2,1,1,1,2,1,1,1,1,1,1,1,1,4,4,4,4,4,4,4,4,4,4,4,4,4,4,4
1114BeRoa,104,2,2,2,2,2,1,2,2,1,2,3,2,2,1,1,2,2,1,1,2,2,5,4,5,5,5,4,4,4,4,5,5,5,4,4,4
0207LyBex,109,2,2,2,3,3,3,3,2,3,1,1,1,3,1,1,1,1,1,1,2,1,5,4,5,5,5,5,4,4,4,5,5,5,5,5,5
0127GaLag,118,4,3,4,4,4,4,4,4,2,3,2,2,2,3,4,3,4,3,4,3,4,3,4,2,3,3,4,5,4,2,2,2,5,4,2,3
0405ToMon,94,1,2,4,2,3,2,2,2,3,1,2,2,2,1,1,1,3,1,3,3,1,4,4,4,4,3,3,3,3,3,3,4,4,3,3,4
1013LgTHS,79,1,1,1,1,1,1,1,1,1,2,1,1,1,1,1,1,1,1,1,1,1,4,3,3,4,4,3,4,4,5,4,4,5,1,4,5
1018daove,101,2,2,4,3,3,3,3,3,4,2,4,2,4,2,1,1,3,3,3,3,2,3,2,3,3,3,3,2,4,2,4,3,3,2,3,4
0516kacor,107,2,3,4,3,2,2,3,3,4,3,2,2,4,1,1,1,3,2,2,3,1,3,4,3,4,4,4,4,3,4,4,4,4,4,4,3
0302KiMon,112,4,5,5,4,4,5,5,4,4,3,3,4,4,3,3,3,3,3,3,3,3,3,2,2,3,3,2,2,3,3,1,2,2,2,2,2
1011MiLak,89,1,1,1,2,2,2,3,2,2,1,1,1,1,1,2,1,3,1,2,2,2,3,4,3,4,4,3,3,4,4,4,3,4,4,4,4
1111heche,107,3,3,4,3,3,3,3,3,1,2,3,1,2,1,5,4,5,1,4,4,4,2,3,2,3,2,3,3,3,4,5,3,4,3,2,3
1113ChPea,87,1,1,1,1,1,1,1,2,3,1,1,2,2,1,1,1,2,1,1,2,1,3,4,4,4,4,4,4,4,4,5,4,4,4,3,4
0901ErEas,6,,,,,,1,,,,,,1,,,,,,1,,,,,,2,,,,,,,,,,1,,
1111jeara,122,4,4,4,3,3,2,3,3,2,3,3,4,4,2,3,4,3,2,3,3,3,4,3,4,4,4,4,4,4,4,4,4,4,3,3,4
0712HeNov,95,1,2,3,1,4,2,4,2,2,2,1,2,3,1,1,1,3,1,1,1,1,3,4,3,4,4,4,5,4,3,3,3,4,4,4,4
0608YaFei,91,2,2,2,3,3,2,3,2,3,2,2,2,3,2,3,3,3,3,3,4,3,2,3,2,2,2,2,2,2,3,3,3,3,2,3,2
[Decline to Answer],100,1,2,2,3,1,2,4,3,3,4,3,3,4,1,1,1,3,3,3,3,1,3,3,3,4,3,3,4,3,3,5,2,3,3,3,4
0826napin,115,3,3,3,4,5,1,5,3,3,1,2,3,4,2,3,3,2,3,3,1,1,5,5,4,5,4,3,5,3,3,5,3,3,3,3,3
0510cacho,95,1,1,2,4,4,1,2,5,3,1,1,2,3,1,1,1,3,2,4,3,2,4,4,1,2,2,3,5,4,4,5,2,5,4,1,2
0509moMan,86,1,2,2,1,2,1,2,2,1,2,1,2,3,1,3,2,2,1,1,2,2,3,3,3,4,4,4,4,4,1,2,4,4,3,3,4
0228kisou,108,4,3,5,5,5,5,5,4,4,2,3,3,4,2,5,3,4,3,3,4,3,2,3,1,2,2,2,2,2,2,2,1,2,2,3,1
0808krBat,87,1,1,1,2,2,1,1,2,1,1,1,1,2,1,1,1,1,1,1,1,1,4,4,4,5,4,4,5,4,4,5,5,4,4,4,2
0721CeEas,99,3,3,2,3,3,2,3,3,3,3,3,3,3,3,3,3,3,1,3,3,1,3,3,3,3,3,3,2,3,3,3,3,3,1,3,3
0731elval,86,1,1,1,1,1,1,1,1,2,2,1,2,2,1,2,1,2,1,1,2,1,4,4,4,4,4,4,4,3,4,4,4,4,4,3,4
0918JuChe,76,1,1,1,1,2,1,1,1,1,1,1,1,2,1,1,1,2,2,1,1,1,4,4,4,4,4,4,1,3,4,4,4,4,4,2,1
0512chwuh,73,1,1,2,2,1,1,2,1,1,1,1,1,2,2,2,1,1,1,2,2,1,3,3,3,3,3,3,3,3,3,3,3,3,3,2,3
1002CaSan,71,2,1,2,1,4,1,2,1,4,1,1,4,4,1,1,1,3,1,1,1,1,3,4,2,3,2,2,1,4,2,1,2,3,2,1,1
0621AmHen,99,2,3,2,1,4,3,4,3,3,2,3,2,2,1,1,1,2,2,1,2,1,4,4,3,3,3,3,5,5,2,4,3,5,3,3,4
0816SuMir,89,3,1,2,1,2,1,1,2,2,1,1,1,2,1,1,1,2,1,1,1,1,4,4,4,4,4,4,4,4,4,4,4,4,4,4,4
1105xqbis,85,2,2,3,3,2,2,2,2,2,1,2,2,3,2,2,3,2,3,2,2,2,2,2,3,3,4,4,2,2,2,4,3,2,2,2,2
0709ErNar,92,1,1,2,1,2,1,1,3,2,1,1,2,2,1,1,1,2,1,1,2,1,4,4,4,5,4,4,5,4,4,3,4,4,3,5,5
0126AySta,97,1,1,1,1,2,1,1,1,1,1,1,1,2,1,1,1,2,1,1,1,1,5,5,4,5,5,5,5,4,5,5,5,5,5,5,5
0113MiMou,96,2,2,3,3,3,2,3,3,2,2,2,3,3,2,2,1,3,2,3,2,1,3,4,2,3,4,3,3,3,4,3,3,3,3,3,3
0805YuNiw,100,2,2,4,3,4,3,4,4,2,2,2,2,3,1,2,1,3,2,2,2,1,3,4,2,4,4,3,3,4,3,3,4,3,3,3,3
0614EsMia,95,2,1,3,3,1,2,2,4,3,3,3,3,3,1,1,1,2,1,1,1,1,2,3,5,4,4,3,4,4,3,4,4,4,1,4,4
0111sheve,93,1,3,3,2,2,3,2,2,2,2,2,2,3,1,2,2,2,1,2,2,2,2,3,3,4,4,3,3,3,3,4,3,4,3,4,4
1019LoHig,76,1,1,1,1,1,1,2,2,1,1,1,1,1,1,2,1,2,1,1,1,1,3,4,3,3,3,3,4,4,3,4,4,3,3,3,4
0114LuPue,111,4,2,3,4,4,2,4,4,3,3,3,3,3,2,1,2,3,3,3,2,2,4,4,4,4,4,3,4,4,2,2,2,4,4,3,3
0914saurb,101,1,1,3,2,1,1,3,2,2,2,1,1,3,1,1,1,2,1,1,1,1,4,5,4,5,4,4,5,5,5,5,4,5,5,5,4
[Decline to Answer],93,1,1,1,1,1,1,1,1,2,2,1,1,2,1,1,1,1,1,1,1,1,3,5,4,5,4,4,5,5,5,5,5,5,5,4,5
1012erbis,98,2,1,1,4,3,1,3,2,3,2,1,2,2,1,2,2,3,3,4,3,1,4,3,3,4,4,4,4,4,3,3,3,4,3,2,4
1223JaFos,108,3,2,3,3,4,3,4,2,3,2,2,3,3,2,2,2,3,2,3,3,2,4,3,4,4,3,3,4,4,3,3,3,4,3,4,3
0403FaMEF,96,3,2,3,2,3,4,3,2,3,2,3,2,3,2,3,3,4,2,4,3,3,2,2,3,3,3,2,2,3,4,3,2,2,2,2,2
0414MiThu,83,2,1,1,2,2,1,2,1,1,2,1,2,2,1,1,1,2,1,1,2,1,4,3,4,5,4,4,3,3,3,4,4,4,1,3,4
0907ALLIB,104,2,2,4,4,3,3,3,4,2,2,3,4,2,3,3,2,4,4,3,4,3,3,2,2,3,3,3,3,3,4,1,3,3,1,2,4
0425kawas,116,3,4,4,3,4,4,4,3,3,3,3,2,4,2,2,2,3,2,2,3,3,3,3,3,4,4,4,4,4,3,4,3,4,4,3,3
0338lasco,109,1,5,2,1,4,5,4,4,2,1,1,2,3,1,2,4,4,1,3,3,2,4,3,3,4,3,4,3,4,4,4,3,4,3,4,4
0820LeMir,,,,,,,,,,,,,,,,,,,,,,,,,,,,,,,,,,,,,
0220rohun,112,3,2,5,3,4,3,3,3,3,2,2,2,3,3,4,3,4,2,4,3,4,3,3,3,3,3,3,3,3,4,3,3,3,3,4,3
0328wefo,101,2,1,3,3,2,1,3,2,2,2,1,2,3,3,2,4,2,2,1,2,2,4,4,4,4,4,4,5,4,4,4,3,3,3,2,4
0728LiCas,92,3,2,2,4,2,2,3,3,2,3,2,2,4,1,1,1,3,1,1,2,1,3,2,3,4,3,2,3,4,3,3,4,3,3,4,3
0928sacen,102,2,4,4,3,4,5,4,3,3,3,2,3,2,2,2,3,3,3,2,2,3,3,2,3,2,2,2,4,2,2,3,2,3,3,4,3
0815HuFos,105,3,1,2,2,2,1,2,1,2,2,2,3,2,2,4,2,2,2,1,4,2,4,4,4,4,4,4,4,4,4,4,5,4,4,4,4
0717GlMir,94,1,1,3,2,1,2,1,3,4,1,2,2,3,2,1,1,2,2,1,2,1,3,4,4,4,4,4,4,4,2,4,4,4,4,3,4
1210SaJen,98,2,2,1,2,2,1,2,2,3,2,2,2,2,1,2,2,2,2,1,2,2,4,4,4,4,4,4,4,4,4,4,4,3,4,4,4
0610ThSac,91,1,2,2,2,2,3,3,3,2,2,1,2,1,1,1,1,3,2,3,3,1,3,4,3,3,4,2,3,4,3,4,5,4,1,4,3
0225ErOly,93,1,1,2,1,3,1,2,1,1,1,1,2,2,1,1,1,1,1,1,1,1,5,4,5,5,5,4,5,4,4,4,4,5,4,4,4
1109brcol,92,2,2,3,2,2,1,3,3,1,1,1,2,1,1,1,1,1,1,1,1,1,4,4,4,4,4,4,4,4,4,4,4,4,4,4,4
1017MaLeg,94,2,1,3,3,2,1,3,3,3,3,2,4,4,1,1,2,2,1,1,2,1,3,3,3,4,3,3,4,4,3,3,3,4,3,3,3
0409BaNew,91,1,1,1,1,3,1,2,1,2,2,2,2,3,1,1,1,1,1,1,1,1,4,3,4,5,4,4,4,4,4,4,4,4,4,4,5
[Decline to Answer],88,1,1,2,3,1,2,2,1,1,1,3,2,2,1,1,1,3,1,3,3,2,4,4,3,3,3,3,3,3,3,4,3,4,4,4,3
01BeRed,85,1,1,1,2,2,1,1,2,3,2,1,2,2,1,1,1,1,1,1,1,1,4,3,4,5,5,4,4,4,2,4,4,4,1,4,4
0921jewoo,114,4,4,4,4,5,4,5,3,4,3,3,3,4,2,4,2,2,4,2,3,3,3,2,3,4,3,3,3,2,2,2,2,3,3,3,4
0510RuMon,107,4,4,5,4,5,5,4,5,1,1,2,2,1,3,2,3,3,4,3,3,3,3,2,3,3,3,3,4,1,2,2,1,4,1,4,4
0304PaNew,94,2,1,2,3,3,2,3,3,3,2,1,2,2,1,3,1,2,1,1,3,1,3,3,3,4,4,3,4,4,4,4,2,4,3,4,3
1218MoNot,103,2,3,4,3,4,3,4,3,2,2,2,3,3,1,3,3,3,1,2,3,2,3,,3,4,4,4,3,4,4,3,2,3,4,3,3
0927SuEde,102,1,3,3,3,3,2,4,3,3,2,1,3,3,1,2,1,3,1,1,1,1,4,4,4,4,4,4,3,4,4,4,3,4,3,4,4
0410LeGra,109,3,4,4,4,3,3,5,4,3,2,2,3,3,2,3,2,3,2,1,2,3,3,4,2,3,3,3,4,3,3,4,3,3,4,3,3
[Decline to Answer],108,3,3,3,3,3,3,3,3,3,3,3,3,3,3,3,3,3,3,3,3,3,3,3,3,3,3,3,3,3,3,3,3,3,3,3,3
0711ivtel,98,2,2,3,2,3,3,4,3,1,1,2,1,1,1,1,1,2,1,2,2,1,4,4,4,4,4,4,5,3,3,5,4,4,4,3,4
0614SuNor,95,2,1,2,3,3,1,3,2,2,1,1,1,2,1,1,1,3,1,1,2,1,4,4,4,4,4,4,4,4,3,5,3,5,4,4,4
0724LaChe,116,2,2,5,4,5,3,4,4,5,4,4,5,5,4,3,4,5,4,5,4,5,1,3,2,1,1,2,2,3,2,1,2,3,4,2,1
1022DaCha,95,3,2,4,4,4,2,3,3,3,1,1,4,3,2,4,2,4,3,3,3,3,3,2,3,2,2,2,2,2,2,2,2,3,3,2,2
0630MyPou,108,2,3,3,3,2,1,3,3,2,2,1,2,3,3,2,2,3,2,3,3,2,4,4,4,4,4,4,4,4,3,4,3,4,4,4,4
0919ShHal,113,5,1,5,2,3,1,2,2,2,2,1,3,4,1,5,2,2,2,1,1,1,4,5,4,4,5,5,4,5,4,4,4,3,5,4,5
0101heeas,92,1,1,2,2,2,1,2,2,2,1,2,1,2,1,2,1,2,1,1,1,1,4,3,4,4,4,4,5,4,4,5,4,4,4,4,4
0725EvFus,87,2,1,1,2,2,1,2,2,3,1,1,2,3,1,2,1,3,1,3,4,1,3,3,1,3,2,3,4,4,5,4,3,4,4,3,2
0921MIMOU,91,1,1,2,2,2,1,2,2,3,2,1,2,2,1,2,1,2,1,1,1,2,4,3,4,4,4,4,4,4,2,4,4,4,4,4,4
1216edasf,100,1,1,2,3,2,1,2,2,4,3,3,,3,1,1,1,2,1,1,1,1,5,3,5,5,4,5,5,4,4,4,4,4,4,3,5
1124ClEve,90,1,1,3,2,3,1,3,3,1,1,1,1,3,1,1,1,2,3,1,1,1,4,4,4,4,4,4,4,1,3,4,4,4,3,4,4
1024raeas,97,1,2,3,2,3,2,3,2,3,4,2,3,3,3,2,3,3,3,4,3,3,3,3,3,3,3,2,3,2,2,3,3,2,2,3,3
1213JoReg,83,1,1,2,1,2,1,1,2,1,1,2,2,1,1,1,1,1,1,1,1,1,4,5,3,5,3,5,4,4,5,4,1,4,5,4,1
0320AlMen,121,4,4,4,4,5,3,5,4,3,2,3,2,2,3,3,3,3,3,4,3,4,3,5,4,3,3,3,3,4,4,2,2,5,3,3,3
0221CaLyn,102,3,2,3,3,3,3,4,2,1,1,1,3,2,2,2,2,3,2,2,3,2,4,4,3,4,4,4,4,4,2,4,3,3,3,4,3
0810tatak,92,2,4,3,2,4,2,3,3,1,1,3,2,1,2,1,2,3,3,3,3,2,2,2,3,3,3,2,3,4,3,2,3,3,3,3,3
1024SuGre,98,3,3,3,4,4,3,4,4,2,2,2,4,4,5,5,5,5,5,5,5,5,1,1,1,1,1,1,1,1,1,1,2,1,1,1,1
0524CaAma,102,3,4,5,2,3,3,4,3,3,1,1,2,2,3,4,4,4,4,4,4,4,2,3,2,2,2,1,2,3,3,3,2,3,3,2,2
0912JeBar,100,1,1,3,2,3,1,3,2,4,2,1,3,4,1,1,1,3,1,1,2,1,4,3,4,4,4,4,4,4,4,5,4,4,4,3,4
0811shste,95,1,2,3,2,3,2,3,3,3,2,2,3,3,2,2,3,3,1,3,3,2,2,4,3,4,2,3,4,2,3,3,3,4,1,3,3
0702CaEas,95,1,2,3,1,2,1,3,1,1,3,1,1,2,1,1,1,2,1,1,2,1,4,4,4,4,4,4,4,4,4,5,4,4,5,5,4
0714NaLon,97,2,3,3,2,3,4,4,3,3,1,2,3,3,1,1,1,2,2,1,1,1,4,3,4,4,4,4,3,3,2,3,3,4,3,3,4
0306MaPin,,,,,,,,,,,,,,,,,,,,,,,,,,,,,,,,,,,,,
0614kawal,113,1,3,4,3,4,3,4,3,3,2,3,3,3,2,1,2,2,2,2,2,2,4,4,4,4,4,4,4,4,3,5,3,4,4,4,4
1225LiThu,92,1,1,1,1,2,1,1,1,2,2,1,2,2,1,1,1,2,1,1,1,1,4,4,4,5,5,4,5,4,3,5,4,4,5,4,5
1001LiNor,106,3,4,4,3,4,4,5,4,3,2,1,3,3,2,2,3,2,3,1,3,2,3,2,3,3,3,3,3,3,2,4,3,3,3,3,4
0525CaBec,95,1,1,1,1,1,1,1,1,1,1,1,1,1,1,1,1,1,1,1,1,1,5,5,5,5,5,5,5,5,4,5,5,5,5,5,5
0908PaEas,87,1,1,1,1,1,1,1,1,1,1,1,2,1,1,1,1,1,1,1,1,1,5,4,4,5,5,4,4,4,4,5,4,4,4,4,5
0207ShRal,89,2,1,3,3,3,1,2,3,1,2,2,2,2,1,1,2,2,1,1,1,1,4,3,4,4,3,3,3,4,3,4,3,3,4,3,4
1227AsMir,122,3,3,4,3,4,3,4,4,2,2,1,2,3,1,2,2,2,1,2,2,2,5,5,5,5,5,4,5,5,4,5,4,4,5,5,4
0327LiXav,119,4,3,4,4,4,4,4,4,5,3,4,4,4,4,4,2,4,3,4,4,4,3,2,2,2,3,3,3,2,4,2,2,4,3,2,2
0611ViNor,87,1,1,1,1,1,1,1,1,1,1,1,1,2,1,2,1,1,1,1,1,1,4,4,4,4,4,5,5,4,4,5,5,4,4,4,4
1110MaMos,74,2,1,1,3,2,1,1,4,2,2,1,1,2,2,1,1,2,1,1,1,1,3,4,3,3,3,3,2,2,2,3,2,3,2,4,2
0303KiLyd,92,2,2,2,2,2,2,2,2,4,2,2,3,2,2,2,2,3,2,3,3,2,3,3,2,3,3,3,3,3,3,3,3,3,3,3,3
[Decline to Answer],110,3,2,3,3,4,2,3,3,3,3,3,3,3,1,1,1,3,1,2,3,1,3,5,4,4,4,3,4,5,4,4,3,4,4,4,4
1006ShHol,106,2,1,3,2,3,2,3,3,4,4,3,3,4,1,1,1,2,1,2,2,1,3,3,4,4,4,4,5,4,4,5,3,4,5,3,3
0810mipea,78,1,1,1,1,2,1,1,2,1,1,1,1,1,1,1,1,1,1,1,1,1,4,3,4,4,3,4,4,3,3,4,4,4,4,4,3
1015JaAgo,96,1,1,2,1,2,2,3,1,2,2,1,1,1,1,4,1,3,1,1,1,1,4,4,4,4,5,4,5,4,4,4,4,4,5,4,4
1128AnHer,93,2,3,2,4,4,2,3,3,4,4,2,3,4,2,4,2,3,1,4,4,4,1,2,2,2,2,2,2,2,2,2,2,2,2,2,2
0722RoDel,107,2,3,2,2,3,4,3,3,2,1,1,2,3,1,1,1,2,1,2,1,1,4,4,4,4,4,4,5,5,4,5,5,5,5,4,4
0110SuHol,108,3,3,3,3,3,3,3,3,3,3,3,3,3,3,3,3,3,3,3,3,3,3,3,3,3,3,3,3,3,3,3,3,3,3,3,3
0102SaGra,91,1,1,1,2,1,1,1,1,1,1,1,1,2,2,1,2,3,4,2,2,1,4,5,4,4,4,5,5,5,5,4,4,5,1,1,3
0821ChMcC,85,1,1,1,3,1,1,3,2,2,2,1,2,1,2,1,1,2,2,1,2,1,4,3,4,5,4,4,3,3,3,4,3,4,2,2,4
1001chcas,98,3,1,2,2,3,1,2,3,3,2,1,3,3,1,2,2,3,2,1,3,1,4,4,4,4,4,3,3,4,3,4,3,4,3,3,4
0720ChLak,94,1,2,2,2,2,1,2,2,1,1,1,2,2,1,1,3,3,1,1,2,1,4,3,4,4,4,3,4,4,4,5,4,5,4,4,4
0404LaSil,93,1,1,1,2,2,1,1,2,2,2,1,2,4,1,1,1,2,2,1,2,1,4,3,4,4,4,4,4,4,5,4,4,4,4,4,4
1001SuSou,78,2,1,1,1,3,1,3,2,1,2,1,2,2,1,1,2,2,3,1,2,1,3,3,1,3,3,3,4,3,3,4,2,3,3,3,2
0602KeLov,95,3,1,1,1,4,1,4,3,1,2,2,2,3,2,1,1,3,1,1,2,1,4,3,3,3,4,4,3,4,4,4,4,4,4,3,4
0604ApFru,93,1,1,3,1,1,1,4,2,2,1,1,1,3,1,1,1,3,1,1,3,1,4,4,3,4,4,3,4,5,4,3,3,5,5,5,3
1111KiGle,90,1,2,1,2,2,1,3,3,3,1,1,1,2,1,1,1,1,1,1,2,1,4,4,3,4,4,4,4,4,4,4,3,4,4,4,4
1005rogle,82,2,2,3,2,3,2,2,2,2,2,2,3,3,2,2,2,3,3,3,2,2,2,2,2,2,2,2,2,3,2,3,2,3,2,2,2
1109AuGree,103,2,1,4,4,3,2,3,5,4,3,3,3,5,1,1,2,2,2,1,2,1,4,3,3,4,4,2,3,3,2,4,4,3,2,3,5
0607CaFai,94,3,1,3,2,3,1,4,3,3,3,1,3,3,2,3,1,3,3,1,2,2,3,4,3,3,3,3,3,4,2,3,3,3,2,2,3
0817MaMis,97,1,1,4,3,3,2,3,4,2,2,1,2,3,1,1,1,1,2,1,2,2,5,2,5,5,5,5,5,4,1,4,5,4,1,,4
1024shhem,109,3,1,2,3,2,2,4,3,3,4,3,4,4,1,1,1,3,1,2,3,2,4,4,4,4,4,4,5,3,4,5,3,4,3,2,4
1101ReSie,66,1,1,2,2,1,1,1,2,2,2,2,3,2,1,2,1,1,2,,2,1,3,2,2,3,2,1,3,2,2,2,3,2,2,1,4
1125KiLit,88,1,1,1,2,3,1,2,1,1,1,1,1,1,1,1,1,1,1,1,1,1,4,4,4,4,4,4,4,4,4,5,4,4,4,5,5
0816NaHop,74,1,2,1,3,2,2,4,2,1,1,1,1,3,1,1,1,3,1,2,3,1,3,,1,3,2,1,3,3,1,4,4,2,3,3,4
0506JaRad,92,2,1,1,2,1,1,2,1,1,1,1,1,2,1,1,1,1,1,1,2,1,3,4,4,4,4,4,5,5,5,5,5,5,4,4,5
[Decline to Answer],49,2,1,1,1,1,1,1,1,2,1,1,1,1,1,1,1,1,1,1,1,1,3,1,1,2,3,1,1,3,1,2,3,1,2,1,1
0409ElHop,121,4,5,5,5,5,5,5,5,3,2,3,3,3,2,3,3,3,3,2,3,3,3,3,3,3,3,3,4,3,3,3,3,3,3,3,3
Kitten0623,122,2,5,5,4,4,5,5,3,4,5,4,4,5,3,4,1,5,2,5,4,3,3,4,2,3,3,2,2,3,2,3,2,3,3,3,2
0207DeLit,96,1,2,1,3,3,1,2,2,3,2,2,3,2,1,1,1,2,1,2,2,1,4,4,4,4,4,3,4,4,4,4,4,4,4,3,4
0711KrDou,97,3,2,3,3,3,2,3,4,2,2,1,2,3,3,3,3,3,2,3,3,2,3,3,3,3,3,3,2,3,3,3,2,3,2,3,3
0927koleg,96,2,2,1,2,2,1,2,1,2,1,1,2,2,2,2,3,2,2,1,2,3,4,4,4,4,4,4,4,4,3,4,4,4,4,3,4
tablo,81,1,1,1,2,1,1,3,2,1,1,1,1,1,1,1,1,1,2,1,1,1,3,3,4,4,4,4,3,4,3,4,3,4,4,3,5
0207HoFoc,94,4,4,3,3,4,3,4,3,3,1,2,3,2,2,3,3,3,2,2,3,1,2,3,2,3,2,2,2,3,4,2,2,2,3,1,3
0101CrMou,102,3,2,2,3,3,2,3,2,3,2,1,2,3,1,1,1,3,1,1,2,1,4,4,4,4,4,4,4,4,4,3,4,4,4,4,5
0202MeHar,94,2,2,2,2,2,1,2,2,2,2,2,3,4,2,2,2,2,2,2,2,,4,4,3,4,3,3,4,3,3,4,3,3,4,3,4
0915karoc,72,2,2,2,2,2,2,2,2,2,2,2,2,2,2,2,2,2,2,2,2,2,2,2,2,2,2,2,2,2,2,2,2,2,2,2,2
0118CaThu,85,1,1,1,2,2,1,2,1,1,1,1,1,2,1,1,1,1,1,1,1,1,4,3,4,5,4,3,4,4,3,5,3,5,4,4,5
1022nocdm,100,3,1,2,2,4,2,2,1,2,3,3,3,3,1,1,2,2,1,1,1,2,4,3,4,4,4,4,3,3,4,5,4,4,4,4,4
0118KeChe,86,2,1,2,2,1,1,2,2,1,2,1,2,1,1,2,1,2,2,2,3,1,3,3,3,3,4,3,5,3,2,5,2,4,3,5,4
0516KrRoc,81,1,1,1,1,2,1,3,2,1,2,1,2,2,1,3,1,2,1,1,1,1,1,4,3,4,3,4,4,4,2,4,3,4,4,3,3
1203RoFai,127,3,3,5,3,4,4,4,4,4,4,3,4,4,3,3,4,4,3,3,4,3,4,4,4,3,3,3,4,4,3,3,3,3,3,3,4
[Decline to Answer],95,2,2,2,1,2,1,3,2,3,2,1,2,2,1,2,1,1,1,1,1,1,4,4,4,5,5,4,4,3,3,5,4,4,4,4,4
[Decline to Answer],103,2,1,2,3,3,2,3,3,3,2,3,2,2,2,2,2,2,2,1,2,1,5,3,4,4,3,4,4,4,3,4,4,4,4,3,5
0620ElSta,98,2,1,1,2,4,2,4,3,3,3,1,2,3,1,1,1,2,1,1,1,1,4,4,4,4,4,4,5,3,3,4,4,4,4,3,4
1221nahar,101,3,1,2,2,3,3,3,4,2,2,1,2,2,1,3,1,2,1,1,2,1,4,4,4,4,4,3,4,4,3,5,4,5,4,3,4
0111gariv,84,2,1,1,1,2,1,1,1,1,1,1,1,2,1,1,1,1,1,1,1,1,4,4,4,4,4,4,4,4,3,4,4,4,4,5,4
1202SaPin,83,2,1,1,1,2,1,2,2,1,1,1,2,2,1,1,1,1,1,1,2,1,3,4,3,4,4,3,4,3,3,4,4,4,4,4,4
[Decline to Answer],76,1,1,1,1,1,1,2,1,1,1,1,1,1,1,1,1,2,1,1,1,1,4,1,4,4,4,4,5,5,2,4,4,4,1,3,4
1021KiRoc,91,1,1,2,2,1,1,1,3,3,3,3,1,2,1,1,1,2,1,1,2,1,4,4,3,4,3,3,4,4,4,4,4,4,4,4,4
1031gapal,112,1,3,3,1,3,4,5,3,1,1,1,1,1,1,1,1,2,1,2,1,1,5,4,5,5,5,5,5,5,5,5,5,5,5,5,5
0603ViRal,93,3,2,3,3,4,2,3,3,1,3,3,2,3,1,1,2,2,1,1,2,1,3,3,3,3,3,3,3,3,4,4,3,3,3,3,3
[Decline to Answer],92,1,1,1,1,2,1,1,2,1,1,1,2,1,1,1,2,1,1,1,2,1,4,4,5,4,5,4,4,4,5,5,4,5,4,4,5
0503KiPea,106,2,2,3,2,3,3,3,2,2,2,2,2,3,2,2,2,2,2,2,2,2,4,3,4,4,4,4,4,4,4,4,4,4,4,4,4
0908ermoh,102,1,1,1,2,2,1,1,1,1,2,1,2,4,1,1,1,1,1,1,1,1,5,5,4,5,5,5,5,5,5,5,5,5,5,5,5
0808BeEri,98,1,2,2,2,3,1,3,4,2,2,1,3,2,2,3,1,3,1,3,3,1,4,4,4,4,3,2,4,3,2,4,3,4,4,4,4
0730cheve,79,1,1,1,1,1,1,1,1,1,1,1,1,1,1,1,1,1,1,1,1,1,3,3,4,4,3,4,4,4,5,4,5,4,4,4,3
0703teeas,101,2,3,3,3,4,4,3,4,3,2,1,4,2,1,4,1,4,1,2,3,1,3,3,2,4,3,3,4,2,3,3,3,3,3,4,3
0131CiGra,76,1,1,1,1,1,1,1,1,1,1,1,1,1,1,1,1,1,1,1,1,1,4,2,4,5,4,4,3,3,2,4,4,4,3,4,5
0816WeEas,90,1,2,3,3,3,3,3,3,2,1,1,2,2,1,2,1,3,1,1,3,1,3,2,2,3,3,3,3,4,2,4,4,4,4,3,4
1218brara,89,1,2,1,1,3,1,2,2,3,3,1,1,3,1,1,2,2,1,1,1,1,3,3,4,4,3,3,5,4,4,4,3,4,4,3,4
0716lyeas,80,1,1,1,1,1,1,1,1,1,1,1,1,2,1,1,1,2,1,1,1,1,3,1,4,5,3,4,3,4,5,5,5,4,3,4,4
0503METAG,100,1,2,2,1,4,1,4,4,4,3,2,4,3,1,1,1,2,3,1,2,1,4,4,3,4,4,4,4,4,1,4,2,4,4,3,4
0328albish,90,1,2,2,2,1,2,3,2,1,1,1,1,2,1,1,2,2,1,2,2,1,3,3,4,4,4,4,4,4,3,5,3,4,4,4,4
0806lefai,107,2,3,3,3,3,3,3,2,3,2,2,3,3,3,4,3,2,2,3,3,2,3,3,3,4,3,3,3,3,3,4,3,5,4,3,3
1103NaLew,100,2,1,4,1,2,1,3,2,2,1,,3,3,2,1,1,2,2,1,2,1,4,4,4,4,4,4,4,4,4,5,5,5,4,4,4
1007AmNot,80,1,1,2,1,3,1,3,2,1,1,2,2,2,1,2,1,2,1,1,1,1,3,4,2,3,3,2,3,4,4,3,3,4,3,3,4
0819SaEas,77,2,3,1,1,2,1,1,2,1,2,1,3,2,2,2,1,1,2,1,1,1,3,3,3,3,4,3,3,3,3,3,2,3,2,3,3
0326LiCol,101,3,3,4,4,4,2,4,4,2,2,2,4,2,2,2,2,4,2,3,4,2,3,3,2,3,2,2,3,3,2,2,3,4,2,3,3
0711DeLos,79,2,1,1,2,2,1,2,2,2,2,1,2,2,1,2,1,3,1,2,2,1,3,3,3,3,3,2,3,3,3,3,3,3,3,2,4
0228cacor,99,4,1,3,1,2,1,2,1,2,1,1,1,2,1,1,1,1,1,1,1,1,4,4,5,4,5,5,4,4,4,5,5,5,5,5,5
1007yiche,82,1,1,1,2,2,1,2,2,1,1,1,1,2,1,1,1,1,1,1,1,1,4,3,4,4,4,4,4,4,4,4,4,4,4,4,1
1208KrDaw,117,4,4,5,4,5,5,5,4,4,4,4,4,4,5,4,4,5,5,5,5,5,2,2,1,2,1,1,3,2,2,1,1,1,1,1,2
0501AvFos,85,1,1,1,1,1,1,1,1,1,2,1,1,2,1,1,1,1,1,1,2,1,4,4,4,5,5,4,4,3,4,5,4,4,3,3,5
1030HuTre,100,2,2,3,3,2,3,3,3,2,2,3,2,2,3,2,2,3,2,3,3,2,3,3,3,3,3,3,3,3,3,4,4,3,3,4,3
0708SaGra,90,2,1,1,2,3,1,2,1,3,1,4,2,2,1,2,1,1,1,1,2,1,3,3,3,4,4,4,4,3,4,4,4,4,4,3,4
0928KeLeg,95,1,1,2,1,2,2,3,2,2,2,1,2,2,1,1,1,3,1,3,2,1,4,3,3,4,4,4,4,4,5,5,4,4,4,3,4
0817LiCar,89,1,1,1,2,1,1,1,1,1,1,2,1,1,1,1,1,1,1,1,1,1,5,4,4,5,5,5,5,4,3,4,4,5,4,4,5
0117KaReg,87,1,1,2,2,2,1,3,1,1,1,1,1,3,1,1,1,1,1,1,2,1,3,5,3,4,4,3,4,5,3,4,4,4,4,4,4
[Decline to Answer],92,1,1,2,1,2,1,2,1,3,1,1,2,2,1,1,1,2,1,1,1,1,4,3,4,5,4,5,4,5,4,5,4,4,4,4,4
1004WeChe,116,3,4,3,3,3,4,4,3,3,3,3,3,3,3,3,3,3,3,3,3,3,4,3,4,3,4,3,3,3,3,3,4,4,3,3,3
0711JoVis,90,1,1,1,1,2,1,2,3,2,1,1,2,3,1,1,1,1,1,1,1,1,4,4,4,4,4,4,4,4,3,5,4,4,4,5,4
0708cagol,118,5,4,5,4,2,5,5,4,3,2,3,2,3,4,3,4,5,4,4,4,4,2,2,3,2,3,3,4,2,3,3,2,3,3,2,2
0910WeAsp,83,1,1,1,1,1,1,1,1,2,1,1,2,2,1,1,1,1,1,1,1,1,5,3,4,5,5,3,3,3,3,5,4,4,3,4,5
0620camai,92,1,1,2,1,1,1,1,1,2,2,1,3,2,1,1,1,2,1,2,2,1,5,4,4,5,4,4,4,5,3,3,4,5,4,3,5
1010MeChe,92,1,2,1,2,2,2,2,2,2,1,1,2,2,1,1,1,2,1,2,2,1,4,3,4,4,4,4,4,4,4,4,4,4,4,4,4
1113kiche,101,4,4,4,2,3,4,4,2,4,3,2,4,4,2,4,1,2,2,3,3,1,3,2,3,3,4,2,2,3,2,3,2,,3,3,4
0510ShFai,84,1,1,2,1,2,2,2,2,2,2,2,2,2,2,1,1,2,2,1,2,2,3,3,3,3,4,3,4,3,2,4,3,4,3,3,3
0828somar,83,1,1,3,1,3,2,4,3,2,2,1,2,3,1,1,1,1,1,1,2,1,3,4,2,3,3,2,3,3,3,3,3,4,4,3,3
0503cidoh,84,1,1,1,2,2,1,2,2,1,1,1,3,2,1,1,1,1,1,1,1,1,4,4,4,4,4,4,4,4,3,3,4,4,3,3,4
1024ArSta,87,3,1,2,2,3,1,2,1,1,1,1,1,1,1,2,1,1,1,1,1,1,3,4,4,4,4,3,5,4,3,4,4,4,3,4,5
0927JoSai,99,2,1,2,2,2,2,2,2,4,2,2,2,3,2,1,2,2,1,2,2,2,4,4,4,4,4,4,4,4,3,4,3,4,4,3,4
0717DeLak,100,3,1,1,2,2,2,3,2,2,1,1,1,2,1,1,1,2,2,1,1,1,5,5,5,4,5,5,5,5,5,4,4,4,4,2,5
6/29/2001,88,2,2,2,2,2,1,3,3,3,2,2,2,3,2,2,1,2,2,1,2,2,2,3,3,3,3,3,3,3,3,3,3,3,3,3,4
1124LaAir,106,3,4,3,4,4,3,4,3,3,3,2,3,2,3,3,4,4,4,3,3,4,2,2,3,3,3,3,2,3,3,1,3,3,2,2,2
0517mamen,77,2,2,4,3,3,3,3,3,1,1,1,1,1,1,3,2,3,1,3,3,1,2,1,1,3,3,3,3,3,1,2,1,3,2,1,3
0605KaCre,113,3,3,4,3,4,4,4,2,4,3,4,2,3,3,2,4,3,3,3,3,2,3,3,3,4,3,3,3,3,3,4,3,3,3,3,3
1111JaLak,91,1,1,1,1,3,1,2,2,3,2,1,2,4,1,1,1,2,2,2,2,1,4,3,4,4,3,3,4,4,3,5,4,3,3,4,4
1003loral,89,2,1,2,2,2,1,2,1,2,2,1,2,2,1,1,2,2,1,1,2,1,4,3,4,4,4,4,4,5,3,4,2,4,3,4,4
0908KaMul,87,1,1,1,1,3,2,2,1,2,1,1,1,2,1,1,1,2,1,1,2,1,4,4,4,4,4,3,4,4,3,4,4,3,4,5,4
0301miedm,110,4,4,3,4,5,3,5,4,1,1,2,2,3,1,1,2,2,1,1,1,1,4,4,4,4,4,4,4,4,4,4,3,4,4,4,4
1008KrRal,82,2,1,1,2,2,2,2,2,2,2,1,2,3,2,2,2,2,2,2,2,2,3,2,3,4,4,2,2,3,2,3,3,2,3,3,3
0519BaGra,116,4,3,4,3,4,4,4,4,3,3,3,3,3,2,2,3,2,3,2,3,3,4,4,4,4,4,4,4,4,3,3,2,3,3,2,3
0129cyale,88,1,1,1,2,2,1,2,2,1,1,1,2,2,1,1,1,2,2,1,2,1,4,4,4,5,4,4,3,5,3,4,4,4,3,4,3
[Decline to Answer],94,2,1,1,3,3,1,3,1,3,3,1,3,3,1,4,1,3,1,1,3,1,4,3,4,4,3,4,4,4,2,4,3,3,3,3,3
1122mache,70,2,2,2,2,2,1,2,2,3,1,1,1,2,2,2,1,3,2,2,2,1,2,2,2,2,2,3,2,2,1,2,2,3,3,3,1
0303KaReg,125,5,2,3,5,5,5,5,5,5,5,5,1,5,5,5,5,4,5,5,3,5,1,3,1,2,1,1,5,4,5,1,2,1,1,1,3
0127BaSta,87,1,2,1,1,1,1,2,3,2,2,1,2,3,1,1,1,2,1,1,2,1,4,4,3,4,3,4,4,3,2,5,4,4,4,4,3
1011macam,70,1,1,1,1,1,1,2,1,1,1,1,1,3,1,1,1,1,2,1,1,1,3,2,3,3,3,3,4,3,3,3,3,3,3,3,3
0309VITIM,106,2,3,4,4,4,4,4,4,3,2,3,2,2,1,2,2,3,2,3,4,3,4,3,3,4,4,3,2,3,2,3,2,3,3,3,3
1118LaRoc,102,2,2,3,3,4,2,2,4,3,2,1,3,3,1,3,2,2,1,2,2,1,3,4,3,4,4,3,5,4,4,3,4,3,4,2,4
0109YuHar,92,2,1,3,3,3,1,3,3,1,1,1,2,2,1,1,1,1,1,1,2,1,4,5,4,3,4,5,4,4,2,3,3,5,3,5,3
0329DoHer,98,2,1,3,2,2,1,2,3,1,1,1,1,2,1,1,1,1,1,1,2,1,4,5,4,4,4,5,5,5,4,5,4,4,5,4,5
1118TaCre,95,2,1,2,2,3,2,2,2,2,1,1,2,2,2,1,2,2,1,2,2,2,4,3,4,4,4,4,4,4,1,4,4,4,4,4,5
0702DiGol,88,2,1,1,2,3,1,2,3,1,3,2,1,4,1,1,1,2,1,1,2,1,4,4,3,4,4,4,4,4,3,4,,4,3,3,4
1017MeCor,79,1,1,3,1,2,2,2,2,2,1,1,1,2,1,1,1,1,2,1,1,1,4,3,3,3,3,3,4,4,2,3,3,4,3,4,3
0814JoJor,89,2,2,1,3,4,1,4,3,4,2,1,3,4,1,3,1,3,2,1,3,1,3,3,2,4,2,2,3,3,1,3,3,3,2,3,3
0602MoRiv,101,1,1,3,2,2,3,4,2,2,1,2,3,3,2,1,2,3,1,3,3,2,4,4,3,3,3,4,3,4,4,4,3,4,4,5,3
0622biber,84,1,1,1,1,2,1,2,2,1,1,1,1,3,1,2,1,2,1,1,2,2,3,3,3,4,4,4,3,4,3,4,4,4,3,4,4
0331JAMURROW,100,4,1,2,2,2,4,3,2,2,2,1,1,2,2,1,2,2,1,2,2,2,4,4,4,4,4,4,3,4,4,4,3,4,4,4,4
0327LyCar,83,1,1,1,2,2,1,1,2,1,2,1,3,2,1,1,1,1,1,1,1,1,3,3,3,4,4,4,3,4,4,4,4,4,3,4,4
0516SyNor,92,2,1,2,2,1,1,2,3,2,2,2,2,2,1,1,1,2,2,1,2,1,4,4,4,4,4,4,4,4,4,3,3,4,4,3,4
0905iraqu,102,1,1,2,1,2,1,2,2,3,2,1,2,3,1,1,1,2,1,1,2,1,4,4,4,4,5,5,5,5,5,4,5,5,5,4,5
1104RoGre,102,2,2,2,2,2,2,3,2,2,2,3,2,2,2,2,2,2,2,2,2,2,4,4,2,4,4,4,4,4,4,4,4,4,4,4,4
0327JoBea,67,1,1,1,3,3,1,3,3,1,1,1,1,1,1,4,1,3,3,3,2,3,1,2,2,2,2,1,3,2,1,3,1,2,2,1,1
0606HeWin,91,3,4,3,3,4,3,4,3,2,1,1,1,3,2,1,2,3,2,1,3,1,3,2,2,3,3,2,3,3,3,3,2,4,3,3,2
0702JuEng,101,2,1,2,2,2,1,3,3,3,1,3,2,3,2,1,2,3,3,1,2,2,4,4,4,4,3,4,5,3,4,4,4,5,3,3,3
